steps,rewards,epsilon
360,0.0,0.97624
720,0.0,0.94825
1080,0.0,0.92112
1440,0.0,0.89482
1800,0.0,0.86934
2160,0.0,0.84464
2520,0.0,0.82069
2880,0.0,0.79749
3240,0.0,0.775
3600,0.0,0.7532
3960,0.0,0.73208
4320,0.0,0.7116
4680,0.0,0.69176
5040,0.0,0.67252
5400,0.0,0.65388
5760,0.0,0.63581
6120,0.0,0.6183
6480,0.0,0.60132
6840,0.0,0.58487
7200,0.0,0.56893
7414,0.465,0.55968
7774,0.0,0.54452
8134,0.0,0.52981
8426,0.27,0.51822
8786,0.0,0.50433
9146,0.0,0.49086
9506,0.0,0.47781
9866,0.0,0.46516
10226,0.0,0.4529
10586,0.0,0.44102
10946,0.0,0.42951
11306,0.0,0.41834
11548,0.395,0.41103
11619,0.8225,0.40892
11979,0.0,0.39839
12194,0.4625,0.39226
12227,0.9175,0.39133
12293,0.835,0.38947
12389,0.76,0.38679
12448,0.8525,0.38516
12496,0.88,0.38383
12564,0.83,0.38197
12665,0.7475,0.37922
12780,0.7125,0.37611
12839,0.8525,0.37453
12869,0.925,0.37373
12884,0.9625,0.37333
12937,0.8675,0.37193
12964,0.9325,0.37121
12988,0.94,0.37058
13057,0.8275,0.36876
13112,0.8625,0.36732
13135,0.9425,0.36672
13157,0.945,0.36615
13189,0.92,0.36532
13218,0.9275,0.36457
13237,0.9525,0.36408
13318,0.7975,0.362
13347,0.9275,0.36125
13362,0.9625,0.36087
13392,0.925,0.36011
13413,0.9475,0.35957
13447,0.915,0.35871
13467,0.95,0.3582
13482,0.9625,0.35782
13521,0.9025,0.35684
13534,0.9675,0.35651
13568,0.915,0.35566
13621,0.8675,0.35433
13648,0.9325,0.35366
13665,0.9575,0.35324
13692,0.9325,0.35257
13792,0.75,0.3501
13813,0.9475,0.34958
13886,0.8175,0.34779
13968,0.795,0.3458
14061,0.7675,0.34356
14075,0.965,0.34322
14115,0.9,0.34226
14133,0.955,0.34183
14180,0.8825,0.34071
14210,0.925,0.34
14236,0.935,0.33938
14259,0.9425,0.33884
14275,0.96,0.33846
14330,0.8625,0.33717
14351,0.9475,0.33668
14378,0.9325,0.33604
14403,0.9375,0.33546
14430,0.9325,0.33483
14477,0.8825,0.33374
14495,0.955,0.33332
14512,0.9575,0.33293
14560,0.88,0.33182
14582,0.945,0.33132
14606,0.94,0.33077
14652,0.885,0.32971
14668,0.96,0.32935
14728,0.85,0.32798
14749,0.9475,0.32751
14778,0.9275,0.32685
14848,0.825,0.32528
14879,0.9225,0.32458
14895,0.96,0.32423
14928,0.9175,0.32349
14977,0.8775,0.3224
14990,0.9675,0.32211
15006,0.96,0.32176
15026,0.95,0.32131
15053,0.9325,0.32072
15075,0.945,0.32023
15095,0.95,0.31979
15114,0.9525,0.31938
15128,0.965,0.31907
15142,0.965,0.31876
15175,0.9175,0.31804
15193,0.955,0.31765
15224,0.9225,0.31698
15255,0.9225,0.3163
15312,0.8575,0.31507
15338,0.935,0.31451
15352,0.965,0.31421
15384,0.92,0.31353
15402,0.955,0.31314
15430,0.93,0.31254
15458,0.93,0.31195
15472,0.965,0.31165
15504,0.92,0.31097
15528,0.94,0.31046
15550,0.945,0.31
15575,0.9375,0.30947
15587,0.97,0.30922
15609,0.945,0.30875
15624,0.9625,0.30844
15646,0.945,0.30798
15698,0.87,0.30689
15793,0.7625,0.30492
15843,0.875,0.30389
15888,0.8875,0.30296
15965,0.8075,0.30139
16052,0.7825,0.29962
16084,0.92,0.29898
16258,0.565,0.2955
16280,0.945,0.29506
16313,0.9175,0.29441
16330,0.9575,0.29407
16432,0.745,0.29207
16792,0.0,0.28514
16887,0.7625,0.28334
16962,0.8125,0.28194
16986,0.94,0.28149
17020,0.915,0.28086
17081,0.8475,0.27973
17149,0.83,0.27848
17194,0.8875,0.27765
17257,0.8425,0.2765
17282,0.9375,0.27605
17314,0.92,0.27546
17330,0.96,0.27518
17363,0.9175,0.27458
17391,0.93,0.27407
17414,0.9425,0.27366
17470,0.86,0.27266
17495,0.9375,0.27221
17521,0.935,0.27175
17543,0.945,0.27136
17557,0.965,0.27111
17574,0.9575,0.27081
17592,0.955,0.27049
17624,0.92,0.26992
17637,0.9675,0.2697
17658,0.9475,0.26933
17675,0.9575,0.26903
17783,0.73,0.26714
17804,0.9475,0.26678
17834,0.925,0.26625
17871,0.9075,0.26562
17900,0.9275,0.26512
17912,0.97,0.26491
17925,0.9675,0.26469
17940,0.9625,0.26443
17951,0.9725,0.26424
17967,0.96,0.26397
17982,0.9625,0.26371
17995,0.9675,0.26349
18078,0.7925,0.26207
18101,0.9425,0.26169
18121,0.95,0.26135
18139,0.955,0.26104
18167,0.93,0.26057
18206,0.9025,0.25992
18221,0.9625,0.25967
18232,0.9725,0.25948
18252,0.95,0.25915
18263,0.9725,0.25896
18277,0.965,0.25873
18294,0.9575,0.25845
18309,0.9625,0.2582
18334,0.9375,0.25778
18347,0.9675,0.25757
18373,0.935,0.25714
18387,0.965,0.25691
18420,0.9175,0.25636
18442,0.945,0.256
18455,0.9675,0.25579
18467,0.97,0.25559
18487,0.95,0.25526
18499,0.97,0.25507
18521,0.945,0.25471
18563,0.895,0.25402
18579,0.96,0.25376
18597,0.955,0.25347
18614,0.9575,0.2532
18628,0.965,0.25297
18643,0.9625,0.25273
18664,0.9475,0.25239
18679,0.9625,0.25215
18719,0.9,0.25151
18744,0.9375,0.25111
18761,0.9575,0.25083
18778,0.9575,0.25056
18804,0.935,0.25015
18821,0.9575,0.24988
18843,0.945,0.24953
18862,0.9525,0.24923
18881,0.9525,0.24893
18896,0.9625,0.24869
18907,0.9725,0.24852
18940,0.9175,0.248
18954,0.965,0.24778
18967,0.9675,0.24757
18985,0.955,0.24729
18999,0.965,0.24707
19027,0.93,0.24663
19045,0.955,0.24635
19058,0.9675,0.24615
19075,0.9575,0.24589
19090,0.9625,0.24565
19114,0.94,0.24528
19131,0.9575,0.24502
19150,0.9525,0.24472
19167,0.9575,0.24446
19185,0.955,0.24418
19199,0.965,0.24397
19212,0.9675,0.24377
19224,0.97,0.24358
19236,0.97,0.2434
19252,0.96,0.24316
19264,0.97,0.24297
19284,0.95,0.24267
19298,0.965,0.24245
19316,0.955,0.24218
19335,0.9525,0.24189
19359,0.94,0.24152
19377,0.955,0.24125
19393,0.96,0.24101
19431,0.905,0.24044
19455,0.94,0.24007
19472,0.9575,0.23982
19491,0.9525,0.23953
19510,0.9525,0.23925
19531,0.9475,0.23894
19545,0.965,0.23873
19564,0.9525,0.23844
19576,0.97,0.23826
19591,0.9625,0.23804
19605,0.965,0.23783
19616,0.9725,0.23767
19632,0.96,0.23743
19644,0.97,0.23726
19657,0.9675,0.23706
19670,0.9675,0.23687
19686,0.96,0.23664
19698,0.97,0.23646
19710,0.97,0.23628
19727,0.9575,0.23603
19740,0.9675,0.23584
19762,0.945,0.23552
19795,0.9175,0.23504
19813,0.955,0.23477
19846,0.9175,0.23429
19870,0.94,0.23394
19887,0.9575,0.2337
19917,0.925,0.23326
19950,0.9175,0.23279
19969,0.9525,0.23251
19992,0.9425,0.23218
20009,0.9575,0.23194
20026,0.9575,0.2317
20049,0.9425,0.23137
20072,0.9425,0.23104
20083,0.9725,0.23088
20094,0.9725,0.23073
20107,0.9675,0.23054
20121,0.965,0.23034
20135,0.965,0.23014
20149,0.965,0.22995
20166,0.9575,0.2297
20178,0.97,0.22954
20189,0.9725,0.22938
20201,0.97,0.22921
20215,0.965,0.22901
20228,0.9675,0.22883
20244,0.96,0.22861
20262,0.955,0.22835
20279,0.9575,0.22811
20300,0.9475,0.22782
20315,0.9625,0.22761
20327,0.97,0.22744
20339,0.97,0.22728
20357,0.955,0.22703
20368,0.9725,0.22687
20383,0.9625,0.22667
20402,0.9525,0.2264
20428,0.935,0.22604
20445,0.9575,0.22581
20465,0.95,0.22553
20488,0.9425,0.22521
20517,0.9275,0.22482
20533,0.96,0.2246
20551,0.955,0.22435
20569,0.955,0.2241
20588,0.9525,0.22385
20613,0.9375,0.22351
20664,0.8725,0.22281
20679,0.9625,0.22261
20706,0.9325,0.22225
20796,0.775,0.22104
20824,0.93,0.22066
20901,0.8075,0.21964
20918,0.9575,0.21941
20941,0.9425,0.21911
20952,0.9725,0.21896
20972,0.95,0.2187
21004,0.92,0.21828
21022,0.955,0.21804
21056,0.915,0.21759
21084,0.93,0.21723
21096,0.97,0.21707
21134,0.905,0.21658
21162,0.93,0.21621
21177,0.9625,0.21602
21213,0.91,0.21555
21228,0.9625,0.21536
21249,0.9475,0.21509
21268,0.9525,0.21485
21292,0.94,0.21454
21314,0.945,0.21426
21340,0.935,0.21392
21370,0.925,0.21354
21397,0.9325,0.2132
21418,0.9475,0.21293
21453,0.9125,0.21249
21475,0.945,0.21221
21512,0.9075,0.21174
21530,0.955,0.21152
21542,0.97,0.21137
21553,0.9725,0.21123
21569,0.96,0.21103
21590,0.9475,0.21077
21609,0.9525,0.21053
21654,0.8875,0.20997
21676,0.945,0.20969
21696,0.95,0.20945
21707,0.9725,0.20931
21724,0.9575,0.2091
21736,0.97,0.20895
21749,0.9675,0.20879
21774,0.9375,0.20848
21787,0.9675,0.20832
21809,0.945,0.20805
21834,0.9375,0.20775
21853,0.9525,0.20752
21864,0.9725,0.20738
21878,0.965,0.20721
21896,0.955,0.20699
21908,0.97,0.20685
21922,0.965,0.20668
21937,0.9625,0.20649
21952,0.9625,0.20631
21964,0.97,0.20617
21977,0.9675,0.20601
21991,0.965,0.20584
22005,0.965,0.20567
22021,0.96,0.20548
22039,0.955,0.20526
22052,0.9675,0.20511
22063,0.9725,0.20497
22097,0.915,0.20457
22110,0.9675,0.20441
22128,0.955,0.2042
22146,0.955,0.20398
22162,0.96,0.20379
22174,0.97,0.20365
22186,0.97,0.20351
22201,0.9625,0.20333
22219,0.955,0.20312
22234,0.9625,0.20294
22250,0.96,0.20275
22268,0.955,0.20254
22290,0.945,0.20228
22301,0.9725,0.20215
22317,0.96,0.20196
22333,0.96,0.20177
22348,0.9625,0.2016
22364,0.96,0.20141
22380,0.96,0.20123
22393,0.9675,0.20107
22411,0.955,0.20086
22425,0.965,0.2007
22446,0.9475,0.20046
22457,0.9725,0.20033
22478,0.9475,0.20009
22499,0.9475,0.19984
22512,0.9675,0.19969
22527,0.9625,0.19952
22538,0.9725,0.19939
22549,0.9725,0.19927
22568,0.9525,0.19905
22581,0.9675,0.1989
22594,0.9675,0.19875
22609,0.9625,0.19858
22621,0.97,0.19844
22648,0.9325,0.19813
22660,0.97,0.198
22673,0.9675,0.19785
22694,0.9475,0.19761
22706,0.97,0.19748
22723,0.9575,0.19728
22738,0.9625,0.19711
22752,0.965,0.19695
22766,0.965,0.1968
22777,0.9725,0.19667
22789,0.97,0.19654
22802,0.9675,0.19639
22821,0.9525,0.19618
22835,0.965,0.19602
22860,0.9375,0.19574
22871,0.9725,0.19562
22883,0.97,0.19548
22895,0.97,0.19535
22914,0.9525,0.19514
22931,0.9575,0.19495
22943,0.97,0.19482
22960,0.9575,0.19463
22971,0.9725,0.1945
22983,0.97,0.19437
22997,0.965,0.19422
23018,0.9475,0.19398
23033,0.9625,0.19382
23046,0.9675,0.19368
23060,0.965,0.19352
23073,0.9675,0.19338
23086,0.9675,0.19324
23104,0.955,0.19304
23119,0.9625,0.19287
23132,0.9675,0.19273
23146,0.965,0.19258
23167,0.9475,0.19235
23185,0.955,0.19215
23197,0.97,0.19202
23208,0.9725,0.1919
23225,0.9575,0.19172
23237,0.97,0.19159
23252,0.9625,0.19143
23263,0.9725,0.19131
23276,0.9675,0.19117
23296,0.95,0.19095
23307,0.9725,0.19083
23327,0.95,0.19062
23340,0.9675,0.19048
23360,0.95,0.19027
23374,0.965,0.19012
23387,0.9675,0.18998
23398,0.9725,0.18986
23414,0.96,0.18969
23425,0.9725,0.18957
23440,0.9625,0.18941
23452,0.97,0.18928
23467,0.9625,0.18912
23478,0.9725,0.18901
23493,0.9625,0.18885
23509,0.96,0.18868
23523,0.965,0.18853
23535,0.97,0.1884
23552,0.9575,0.18823
23563,0.9725,0.18811
23577,0.965,0.18796
23589,0.97,0.18784
23601,0.97,0.18771
23622,0.9475,0.18749
23650,0.93,0.1872
23662,0.97,0.18707
23675,0.9675,0.18694
23690,0.9625,0.18678
23702,0.97,0.18665
23716,0.965,0.18651
23735,0.9525,0.18631
23750,0.9625,0.18616
23763,0.9675,0.18602
23777,0.965,0.18588
23789,0.97,0.18575
23801,0.97,0.18563
23815,0.965,0.18549
23830,0.9625,0.18533
23843,0.9675,0.1852
23865,0.945,0.18497
23879,0.965,0.18483
23890,0.9725,0.18472
23901,0.9725,0.1846
23924,0.9425,0.18437
23946,0.945,0.18414
23957,0.9725,0.18403
23971,0.965,0.18389
23987,0.96,0.18373
23999,0.97,0.18361
24013,0.965,0.18346
24027,0.965,0.18332
24039,0.97,0.1832
24053,0.965,0.18306
24081,0.93,0.18278
24096,0.9625,0.18263
24108,0.97,0.18251
24122,0.965,0.18237
24136,0.965,0.18222
24148,0.97,0.1821
24160,0.97,0.18198
24173,0.9675,0.18185
24189,0.96,0.1817
24201,0.97,0.18158
24218,0.9575,0.18141
24235,0.9575,0.18124
24246,0.9725,0.18113
24259,0.9675,0.181
24271,0.97,0.18088
24284,0.9675,0.18075
24299,0.9625,0.1806
24310,0.9725,0.1805
24330,0.95,0.1803
24343,0.9675,0.18017
24354,0.9725,0.18006
24366,0.97,0.17994
24382,0.96,0.17979
24396,0.965,0.17965
24413,0.9575,0.17948
24426,0.9675,0.17936
24437,0.9725,0.17925
24448,0.9725,0.17914
24461,0.9675,0.17902
24477,0.96,0.17886
24492,0.9625,0.17871
24506,0.965,0.17858
24517,0.9725,0.17847
24531,0.965,0.17834
24544,0.9675,0.17821
24560,0.96,0.17806
24573,0.9675,0.17793
24589,0.96,0.17778
24606,0.9575,0.17761
24621,0.9625,0.17747
24634,0.9675,0.17734
24647,0.9675,0.17722
24659,0.97,0.1771
24671,0.97,0.17699
24686,0.9625,0.17685
24703,0.9575,0.17668
24715,0.97,0.17657
24726,0.9725,0.17646
24743,0.9575,0.1763
24759,0.96,0.17615
24775,0.96,0.176
24786,0.9725,0.17589
24799,0.9675,0.17577
24820,0.9475,0.17557
24831,0.9725,0.17547
24847,0.96,0.17532
24863,0.96,0.17517
24876,0.9675,0.17505
24897,0.9475,0.17485
24909,0.97,0.17474
24922,0.9675,0.17461
24933,0.9725,0.17451
24949,0.96,0.17436
24962,0.9675,0.17424
24974,0.97,0.17413
24988,0.965,0.174
25000,0.97,0.17389
25011,0.9725,0.17379
25028,0.9575,0.17363
25039,0.9725,0.17353
25052,0.9675,0.17341
25067,0.9625,0.17327
25079,0.97,0.17316
25092,0.9675,0.17304
25105,0.9675,0.17292
25119,0.965,0.17279
25130,0.9725,0.17269
25146,0.96,0.17254
25160,0.965,0.17241
25173,0.9675,0.17229
25189,0.96,0.17215
25204,0.9625,0.17201
25218,0.965,0.17188
25232,0.965,0.17175
25248,0.96,0.17161
25259,0.9725,0.17151
25270,0.9725,0.17141
25293,0.9425,0.1712
25305,0.97,0.17109
25319,0.965,0.17096
25342,0.9425,0.17076
25353,0.9725,0.17066
25372,0.9525,0.17049
25385,0.9675,0.17037
25398,0.9675,0.17025
25409,0.9725,0.17015
25430,0.9475,0.16997
25444,0.965,0.16984
25456,0.97,0.16973
25472,0.96,0.16959
25488,0.96,0.16945
25501,0.9675,0.16933
25515,0.965,0.16921
25531,0.96,0.16907
25546,0.9625,0.16893
25558,0.97,0.16883
25569,0.9725,0.16873
25587,0.955,0.16857
25599,0.97,0.16846
25616,0.9575,0.16831
25635,0.9525,0.16815
25656,0.9475,0.16796
25676,0.95,0.16779
25688,0.97,0.16768
25708,0.95,0.16751
25721,0.9675,0.16739
25732,0.9725,0.1673
25745,0.9675,0.16718
25763,0.955,0.16703
25778,0.9625,0.1669
25789,0.9725,0.1668
25804,0.9625,0.16667
25819,0.9625,0.16654
25835,0.96,0.1664
25846,0.9725,0.16631
25857,0.9725,0.16621
25870,0.9675,0.1661
25888,0.955,0.16595
25900,0.97,0.16584
25912,0.97,0.16574
25926,0.965,0.16562
25937,0.9725,0.16553
25949,0.97,0.16542
25961,0.97,0.16532
25975,0.965,0.1652
25992,0.9575,0.16506
26004,0.97,0.16495
26029,0.9375,0.16474
26041,0.97,0.16464
26055,0.965,0.16452
26066,0.9725,0.16443
26077,0.9725,0.16433
26091,0.965,0.16422
26107,0.96,0.16408
26123,0.96,0.16395
26135,0.97,0.16384
26150,0.9625,0.16372
26226,0.81,0.16308
26238,0.97,0.16298
26254,0.96,0.16285
26266,0.97,0.16275
26278,0.97,0.16265
26324,0.885,0.16227
26348,0.94,0.16207
26359,0.9725,0.16198
26370,0.9725,0.16189
26383,0.9675,0.16178
26395,0.97,0.16168
26408,0.9675,0.16157
26421,0.9675,0.16147
26436,0.9625,0.16134
26450,0.965,0.16123
26461,0.9725,0.16114
26474,0.9675,0.16103
26485,0.9725,0.16094
26500,0.9625,0.16082
26511,0.9725,0.16073
26522,0.9725,0.16064
26533,0.9725,0.16055
26549,0.96,0.16042
26564,0.9625,0.1603
26578,0.965,0.16019
26592,0.965,0.16007
26605,0.9675,0.15997
26616,0.9725,0.15988
26630,0.965,0.15977
26644,0.965,0.15965
26657,0.9675,0.15955
26672,0.9625,0.15943
26683,0.9725,0.15934
26698,0.9625,0.15922
26709,0.9725,0.15913
26720,0.9725,0.15904
26731,0.9725,0.15895
26742,0.9725,0.15887
26758,0.96,0.15874
26770,0.97,0.15864
26787,0.9575,0.15851
26799,0.97,0.15841
26811,0.97,0.15832
26828,0.9575,0.15818
26847,0.9525,0.15803
26862,0.9625,0.15791
26876,0.965,0.1578
26891,0.9625,0.15768
26909,0.955,0.15754
26922,0.9675,0.15744
26936,0.965,0.15733
26949,0.9675,0.15723
26971,0.945,0.15706
26984,0.9675,0.15695
26996,0.97,0.15686
27009,0.9675,0.15676
27020,0.9725,0.15667
27031,0.9725,0.15659
27042,0.9725,0.1565
27055,0.9675,0.1564
27068,0.9675,0.1563
27082,0.965,0.15619
27095,0.9675,0.15609
27107,0.97,0.156
27121,0.965,0.15589
27141,0.95,0.15573
27153,0.97,0.15564
27170,0.9575,0.15551
27184,0.965,0.1554
27200,0.96,0.15528
27211,0.9725,0.1552
27224,0.9675,0.1551
27240,0.96,0.15497
27252,0.97,0.15488
27267,0.9625,0.15477
27278,0.9725,0.15468
27290,0.97,0.15459
27301,0.9725,0.15451
27313,0.97,0.15442
27325,0.97,0.15433
27336,0.9725,0.15424
27350,0.965,0.15414
27362,0.97,0.15404
27375,0.9675,0.15395
27387,0.97,0.15386
27401,0.965,0.15375
27414,0.9675,0.15365
27428,0.965,0.15355
27439,0.9725,0.15346
27454,0.9625,0.15335
27465,0.9725,0.15327
27480,0.9625,0.15316
27491,0.9725,0.15307
27504,0.9675,0.15298
27517,0.9675,0.15288
27529,0.97,0.15279
27544,0.9625,0.15268
27560,0.96,0.15256
27573,0.9675,0.15246
27584,0.9725,0.15238
27602,0.955,0.15225
27613,0.9725,0.15217
27629,0.96,0.15205
27643,0.965,0.15194
27658,0.9625,0.15183
27671,0.9675,0.15174
27684,0.9675,0.15164
27696,0.97,0.15155
27710,0.965,0.15145
27724,0.965,0.15135
27739,0.9625,0.15124
27750,0.9725,0.15116
27766,0.96,0.15104
27778,0.97,0.15095
27795,0.9575,0.15083
27809,0.965,0.15073
27820,0.9725,0.15065
27834,0.965,0.15054
27848,0.965,0.15044
27859,0.9725,0.15036
27870,0.9725,0.15028
27885,0.9625,0.15018
27898,0.9675,0.15008
28074,0.56,0.14882
28085,0.9725,0.14874
28097,0.97,0.14866
28110,0.9675,0.14856
28126,0.96,0.14845
28137,0.9725,0.14837
28149,0.97,0.14829
28162,0.9675,0.1482
28174,0.97,0.14811
28187,0.9675,0.14802
28199,0.97,0.14793
28212,0.9675,0.14784
28224,0.97,0.14776
28242,0.955,0.14763
28256,0.965,0.14753
28268,0.97,0.14745
28283,0.9625,0.14735
28294,0.9725,0.14727
28307,0.9675,0.14718
28318,0.9725,0.1471
28329,0.9725,0.14703
28343,0.965,0.14693
28360,0.9575,0.14681
28373,0.9675,0.14672
28385,0.97,0.14664
28408,0.9425,0.14648
28419,0.9725,0.1464
28432,0.9675,0.14631
28444,0.97,0.14623
28455,0.9725,0.14615
28471,0.96,0.14604
28487,0.96,0.14593
28509,0.945,0.14578
28522,0.9675,0.14569
28535,0.9675,0.1456
28546,0.9725,0.14553
28560,0.965,0.14543
28573,0.9675,0.14534
28584,0.9725,0.14527
28599,0.9625,0.14517
28615,0.96,0.14506
28628,0.9675,0.14497
28642,0.965,0.14488
28653,0.9725,0.1448
28666,0.9675,0.14471
28681,0.9625,0.14461
28698,0.9575,0.1445
28709,0.9725,0.14442
28721,0.97,0.14434
28735,0.965,0.14425
28751,0.96,0.14414
28763,0.97,0.14406
28783,0.95,0.14393
28794,0.9725,0.14385
28807,0.9675,0.14377
28821,0.965,0.14367
28835,0.965,0.14358
28851,0.96,0.14347
28862,0.9725,0.1434
28873,0.9725,0.14333
28885,0.97,0.14325
28897,0.97,0.14317
28912,0.9625,0.14307
28925,0.9675,0.14298
28936,0.9725,0.14291
28948,0.97,0.14283
28962,0.965,0.14274
28975,0.9675,0.14265
28986,0.9725,0.14258
29002,0.96,0.14248
29023,0.9475,0.14234
29034,0.9725,0.14227
29045,0.9725,0.14219
29059,0.965,0.1421
29070,0.9725,0.14203
29084,0.965,0.14194
29096,0.97,0.14186
29108,0.97,0.14178
29123,0.9625,0.14169
29138,0.9625,0.14159
29155,0.9575,0.14148
29169,0.965,0.14139
29180,0.9725,0.14132
29192,0.97,0.14124
29206,0.965,0.14115
29221,0.9625,0.14105
29234,0.9675,0.14097
29248,0.965,0.14088
29259,0.9725,0.14081
29272,0.9675,0.14072
29283,0.9725,0.14065
29296,0.9675,0.14057
29312,0.96,0.14047
29327,0.9625,0.14037
29343,0.96,0.14027
29355,0.97,0.14019
29367,0.97,0.14012
29380,0.9675,0.14004
29395,0.9625,0.13994
29408,0.9675,0.13986
29419,0.9725,0.13979
29430,0.9725,0.13972
29444,0.965,0.13963
29462,0.955,0.13952
29478,0.96,0.13942
29492,0.965,0.13933
29503,0.9725,0.13926
29516,0.9675,0.13918
29528,0.97,0.1391
29539,0.9725,0.13903
29555,0.96,0.13893
29568,0.9675,0.13885
29580,0.97,0.13878
29593,0.9675,0.13869
29605,0.97,0.13862
29619,0.965,0.13853
29633,0.965,0.13845
29644,0.9725,0.13838
29657,0.9675,0.1383
29675,0.955,0.13819
29687,0.97,0.13811
29701,0.965,0.13802
29712,0.9725,0.13796
29724,0.97,0.13788
29735,0.9725,0.13781
29750,0.9625,0.13772
29765,0.9625,0.13763
29781,0.96,0.13753
29797,0.96,0.13743
29809,0.97,0.13736
29824,0.9625,0.13727
29838,0.965,0.13718
29849,0.9725,0.13712
29861,0.97,0.13704
29874,0.9675,0.13696
29888,0.965,0.13688
29900,0.97,0.13681
29911,0.9725,0.13674
29924,0.9675,0.13666
29937,0.9675,0.13658
29951,0.965,0.1365
29962,0.9725,0.13643
29977,0.9625,0.13634
29989,0.97,0.13627
30002,0.9675,0.13619
30013,0.9725,0.13612
30029,0.96,0.13603
30044,0.9625,0.13594
30057,0.9675,0.13586
30068,0.9725,0.13579
30085,0.9575,0.13569
30101,0.96,0.1356
30124,0.9425,0.13546
30135,0.9725,0.13539
30148,0.9675,0.13532
30163,0.9625,0.13523
30176,0.9675,0.13515
30187,0.9725,0.13508
30199,0.97,0.13501
30211,0.97,0.13494
30222,0.9725,0.13488
30235,0.9675,0.1348
30248,0.9675,0.13472
30275,0.9325,0.13457
30286,0.9725,0.1345
30298,0.97,0.13443
30310,0.97,0.13436
30335,0.9375,0.13421
30347,0.97,0.13414
30358,0.9725,0.13408
30371,0.9675,0.134
30385,0.965,0.13392
30397,0.97,0.13385
30411,0.965,0.13377
30423,0.97,0.1337
30434,0.9725,0.13364
30446,0.97,0.13357
30462,0.96,0.13348
30477,0.9625,0.13339
30488,0.9725,0.13333
30502,0.965,0.13324
30521,0.9525,0.13314
30534,0.9675,0.13306
30550,0.96,0.13297
30566,0.96,0.13288
30583,0.9575,0.13278
30595,0.97,0.13271
30609,0.965,0.13263
30628,0.9525,0.13252
30641,0.9675,0.13245
30657,0.96,0.13236
30669,0.97,0.13229
30681,0.97,0.13222
30694,0.9675,0.13215
30710,0.96,0.13206
30722,0.97,0.13199
30739,0.9575,0.13189
30751,0.97,0.13183
30763,0.97,0.13176
30774,0.9725,0.1317
30785,0.9725,0.13163
30799,0.965,0.13156
30811,0.97,0.13149
30824,0.9675,0.13141
30839,0.9625,0.13133
30856,0.9575,0.13124
30868,0.97,0.13117
30886,0.955,0.13107
30901,0.9625,0.13098
30916,0.9625,0.1309
30932,0.96,0.13081
30946,0.965,0.13073
30962,0.96,0.13065
30973,0.9725,0.13059
30984,0.9725,0.13052
30998,0.965,0.13045
31011,0.9675,0.13038
31026,0.9625,0.13029
31040,0.965,0.13022
31052,0.97,0.13015
31066,0.965,0.13007
31081,0.9625,0.12999
31098,0.9575,0.1299
31111,0.9675,0.12983
31123,0.97,0.12976
31136,0.9675,0.12969
31152,0.96,0.1296
31167,0.9625,0.12952
31180,0.9675,0.12945
31191,0.9725,0.12939
31202,0.9725,0.12933
31214,0.97,0.12927
31227,0.9675,0.1292
31243,0.96,0.12911
31255,0.97,0.12904
31269,0.965,0.12897
31284,0.9625,0.12889
31295,0.9725,0.12883
31307,0.97,0.12876
31319,0.97,0.1287
31330,0.9725,0.12864
31343,0.9675,0.12857
31354,0.9725,0.12851
31367,0.9675,0.12844
31378,0.9725,0.12838
31391,0.9675,0.12831
31404,0.9675,0.12825
31417,0.9675,0.12818
31428,0.9725,0.12812
31442,0.965,0.12804
31455,0.9675,0.12797
31468,0.9675,0.12791
31483,0.9625,0.12783
31494,0.9725,0.12777
31506,0.97,0.1277
31517,0.9725,0.12765
31529,0.97,0.12758
31542,0.9675,0.12751
31554,0.97,0.12745
31565,0.9725,0.12739
31578,0.9675,0.12733
31591,0.9675,0.12726
31604,0.9675,0.12719
31616,0.97,0.12713
31629,0.9675,0.12706
31643,0.965,0.12699
31655,0.97,0.12692
31666,0.9725,0.12687
31680,0.965,0.12679
31691,0.9725,0.12674
31702,0.9725,0.12668
31721,0.9525,0.12658
31734,0.9675,0.12651
31747,0.9675,0.12644
31761,0.965,0.12637
31784,0.9425,0.12625
31797,0.9675,0.12619
31810,0.9675,0.12612
31823,0.9675,0.12605
31841,0.955,0.12596
31855,0.965,0.12589
31866,0.9725,0.12583
31877,0.9725,0.12578
31888,0.9725,0.12572
31901,0.9675,0.12565
31913,0.97,0.12559
31925,0.97,0.12553
31940,0.9625,0.12546
31966,0.935,0.12532
31979,0.9675,0.12526
32001,0.945,0.12515
32026,0.9375,0.12502
32042,0.96,0.12494
32075,0.9175,0.12477
32087,0.97,0.12471
32098,0.9725,0.12466
32111,0.9675,0.12459
32122,0.9725,0.12454
32136,0.965,0.12447
32150,0.965,0.1244
32161,0.9725,0.12434
32174,0.9675,0.12428
32189,0.9625,0.1242
32203,0.965,0.12413
32214,0.9725,0.12408
32225,0.9725,0.12402
32239,0.965,0.12395
32250,0.9725,0.1239
32262,0.97,0.12384
32278,0.96,0.12376
32295,0.9575,0.12368
32309,0.965,0.12361
32322,0.9675,0.12354
32333,0.9725,0.12349
32347,0.965,0.12342
32361,0.965,0.12335
32376,0.9625,0.12328
32387,0.9725,0.12323
32406,0.9525,0.12313
32419,0.9675,0.12307
32433,0.965,0.123
32444,0.9725,0.12295
32456,0.97,0.12289
32478,0.945,0.12278
32491,0.9675,0.12272
32502,0.9725,0.12267
32516,0.965,0.1226
32529,0.9675,0.12254
32540,0.9725,0.12248
32556,0.96,0.1224
32573,0.9575,0.12232
32586,0.9675,0.12226
32597,0.9725,0.12221
32609,0.97,0.12215
32623,0.965,0.12208
32636,0.9675,0.12202
32651,0.9625,0.12195
32664,0.9675,0.12189
32678,0.965,0.12182
32692,0.965,0.12175
32706,0.965,0.12169
32718,0.97,0.12163
32733,0.9625,0.12156
32745,0.97,0.1215
32759,0.965,0.12143
32773,0.965,0.12137
32785,0.97,0.12131
32799,0.965,0.12125
32811,0.97,0.12119
32823,0.97,0.12113
32841,0.955,0.12105
32855,0.965,0.12098
32867,0.97,0.12093
32878,0.9725,0.12087
32898,0.95,0.12078
32909,0.9725,0.12073
32921,0.97,0.12067
32936,0.9625,0.1206
32951,0.9625,0.12053
32966,0.9625,0.12046
32988,0.945,0.12036
33002,0.965,0.1203
33015,0.9675,0.12024
33029,0.965,0.12017
33044,0.9625,0.1201
33056,0.97,0.12005
33067,0.9725,0.12
33079,0.97,0.11994
33094,0.9625,0.11987
33107,0.9675,0.11981
33118,0.9725,0.11976
33130,0.97,0.11971
33143,0.9675,0.11965
33154,0.9725,0.1196
33167,0.9675,0.11954
33178,0.9725,0.11949
33191,0.9675,0.11943
33207,0.96,0.11935
33222,0.9625,0.11929
33235,0.9675,0.11923
33246,0.9725,0.11918
33258,0.97,0.11912
33269,0.9725,0.11907
33281,0.97,0.11902
33295,0.965,0.11895
33308,0.9675,0.1189
33321,0.9675,0.11884
33332,0.9725,0.11879
33345,0.9675,0.11873
33356,0.9725,0.11868
33371,0.9625,0.11861
33384,0.9675,0.11855
33395,0.9725,0.1185
33408,0.9675,0.11845
33423,0.9625,0.11838
33435,0.97,0.11833
33446,0.9725,0.11828
33459,0.9675,0.11822
33472,0.9675,0.11816
33484,0.97,0.11811
33495,0.9725,0.11806
33506,0.9725,0.11801
33518,0.97,0.11796
33531,0.9675,0.1179
33543,0.97,0.11785
33556,0.9675,0.11779
33568,0.97,0.11773
33579,0.9725,0.11769
33593,0.965,0.11762
33604,0.9725,0.11758
33615,0.9725,0.11753
33628,0.9675,0.11747
33639,0.9725,0.11742
33650,0.9725,0.11737
33663,0.9675,0.11732
33674,0.9725,0.11727
33685,0.9725,0.11722
33696,0.9725,0.11717
33707,0.9725,0.11712
33718,0.9725,0.11708
33733,0.9625,0.11701
33748,0.9625,0.11695
33759,0.9725,0.1169
33772,0.9675,0.11684
33789,0.9575,0.11677
33801,0.97,0.11672
33812,0.9725,0.11667
33825,0.9675,0.11661
33836,0.9725,0.11657
33849,0.9675,0.11651
33860,0.9725,0.11646
33872,0.97,0.11641
33886,0.965,0.11635
33897,0.9725,0.1163
33910,0.9675,0.11625
33921,0.9725,0.1162
33932,0.9725,0.11615
33950,0.955,0.11608
33962,0.97,0.11602
33978,0.96,0.11596
33989,0.9725,0.11591
34003,0.965,0.11585
34014,0.9725,0.1158
34025,0.9725,0.11576
34037,0.97,0.11571
34051,0.965,0.11565
34066,0.9625,0.11558
34077,0.9725,0.11554
34091,0.965,0.11548
34116,0.9375,0.11537
34131,0.9625,0.11531
34145,0.965,0.11525
34156,0.9725,0.1152
34169,0.9675,0.11515
34181,0.97,0.1151
34203,0.945,0.11501
34220,0.9575,0.11494
34233,0.9675,0.11488
34244,0.9725,0.11484
34257,0.9675,0.11478
34270,0.9675,0.11473
34283,0.9675,0.11467
34294,0.9725,0.11463
34307,0.9675,0.11457
34322,0.9625,0.11451
34334,0.97,0.11446
34345,0.9725,0.11442
34357,0.97,0.11437
34369,0.97,0.11432
34383,0.965,0.11426
34395,0.97,0.11421
34409,0.965,0.11415
34422,0.9675,0.1141
34433,0.9725,0.11406
34444,0.9725,0.11401
34457,0.9675,0.11396
34470,0.9675,0.1139
34481,0.9725,0.11386
34496,0.9625,0.1138
34510,0.965,0.11374
34522,0.97,0.11369
34534,0.97,0.11364
34546,0.97,0.11359
34557,0.9725,0.11355
34571,0.965,0.11349
34582,0.9725,0.11345
34593,0.9725,0.1134
34608,0.9625,0.11334
34619,0.9725,0.1133
34630,0.9725,0.11326
34641,0.9725,0.11321
34652,0.9725,0.11317
34671,0.9525,0.11309
34702,0.9225,0.11297
34723,0.9475,0.11288
34740,0.9575,0.11281
34751,0.9725,0.11277
34763,0.97,0.11272
34779,0.96,0.11266
34793,0.965,0.1126
34805,0.97,0.11256
34817,0.97,0.11251
34828,0.9725,0.11247
34842,0.965,0.11241
34854,0.97,0.11236
34868,0.965,0.11231
34880,0.97,0.11226
34893,0.9675,0.11221
34907,0.965,0.11215
34925,0.955,0.11208
34936,0.9725,0.11204
34949,0.9675,0.11199
34960,0.9725,0.11195
34973,0.9675,0.11189
34984,0.9725,0.11185
34997,0.9675,0.1118
35012,0.9625,0.11174
35024,0.97,0.1117
35035,0.9725,0.11165
35046,0.9725,0.11161
35058,0.97,0.11156
35069,0.9725,0.11152
35080,0.9725,0.11148
35091,0.9725,0.11144
35104,0.9675,0.11139
35119,0.9625,0.11133
35134,0.9625,0.11127
35145,0.9725,0.11123
35156,0.9725,0.11119
35167,0.9725,0.11114
35178,0.9725,0.1111
35189,0.9725,0.11106
35203,0.965,0.11101
35215,0.97,0.11096
35227,0.97,0.11091
35241,0.965,0.11086
35253,0.97,0.11081
35265,0.97,0.11077
35276,0.9725,0.11073
35287,0.9725,0.11068
35299,0.97,0.11064
35312,0.9675,0.11059
35324,0.97,0.11054
35336,0.97,0.1105
35347,0.9725,0.11046
35358,0.9725,0.11042
35373,0.9625,0.11036
35385,0.97,0.11031
35398,0.9675,0.11026
35504,0.735,0.10987
35517,0.9675,0.10982
35531,0.965,0.10977
35542,0.9725,0.10973
35553,0.9725,0.10968
35566,0.9675,0.10964
35578,0.97,0.10959
35589,0.9725,0.10955
35608,0.9525,0.10948
35621,0.9675,0.10943
35634,0.9675,0.10938
35646,0.97,0.10934
35657,0.9725,0.1093
35669,0.97,0.10926
35688,0.9525,0.10919
35699,0.9725,0.10915
35710,0.9725,0.10911
35723,0.9675,0.10906
35736,0.9675,0.10901
35748,0.97,0.10897
35762,0.965,0.10891
35773,0.9725,0.10887
35784,0.9725,0.10883
35795,0.9725,0.10879
35808,0.9675,0.10875
35819,0.9725,0.10871
35830,0.9725,0.10867
35843,0.9675,0.10862
35854,0.9725,0.10858
35872,0.955,0.10852
35885,0.9675,0.10847
35896,0.9725,0.10843
35911,0.9625,0.10837
35925,0.965,0.10832
35940,0.9625,0.10827
35953,0.9675,0.10822
35966,0.9675,0.10818
35980,0.965,0.10813
35997,0.9575,0.10807
36012,0.9625,0.10801
36023,0.9725,0.10797
36034,0.9725,0.10793
36047,0.9675,0.10789
36060,0.9675,0.10784
36072,0.97,0.1078
36083,0.9725,0.10776
36097,0.965,0.10771
36108,0.9725,0.10767
36123,0.9625,0.10762
36135,0.97,0.10758
36148,0.9675,0.10753
36162,0.965,0.10748
36173,0.9725,0.10744
36184,0.9725,0.1074
36197,0.9675,0.10736
36208,0.9725,0.10732
36223,0.9625,0.10727
36235,0.97,0.10722
36249,0.965,0.10717
36265,0.96,0.10712
36276,0.9725,0.10708
36288,0.97,0.10704
36301,0.9675,0.10699
36317,0.96,0.10694
36329,0.97,0.1069
36342,0.9675,0.10685
36353,0.9725,0.10681
36364,0.9725,0.10677
36376,0.97,0.10673
36389,0.9675,0.10669
36400,0.9725,0.10665
36414,0.965,0.1066
36426,0.97,0.10656
36437,0.9725,0.10652
36450,0.9675,0.10648
36461,0.9725,0.10644
36475,0.965,0.10639
36489,0.965,0.10634
36500,0.9725,0.10631
36512,0.97,0.10627
36524,0.97,0.10622
36537,0.9675,0.10618
36551,0.965,0.10613
36562,0.9725,0.10609
36574,0.97,0.10605
36586,0.97,0.10601
36606,0.95,0.10595
36617,0.9725,0.10591
36628,0.9725,0.10587
36639,0.9725,0.10583
36652,0.9675,0.10579
36665,0.9675,0.10575
36676,0.9725,0.10571
36690,0.965,0.10566
36701,0.9725,0.10562
36712,0.9725,0.10559
36724,0.97,0.10555
36736,0.97,0.10551
36752,0.96,0.10545
36763,0.9725,0.10542
36776,0.9675,0.10537
36789,0.9675,0.10533
36801,0.97,0.10529
36812,0.9725,0.10525
36824,0.97,0.10521
36838,0.965,0.10517
36850,0.97,0.10513
36861,0.9725,0.10509
36873,0.97,0.10505
36885,0.97,0.10501
36896,0.9725,0.10497
36908,0.97,0.10493
36921,0.9675,0.10489
36935,0.965,0.10485
36948,0.9675,0.1048
36968,0.95,0.10474
36980,0.97,0.1047
36991,0.9725,0.10466
37003,0.97,0.10462
37018,0.9625,0.10457
37029,0.9725,0.10454
37044,0.9625,0.10449
37055,0.9725,0.10445
37066,0.9725,0.10442
37078,0.97,0.10438
37091,0.9675,0.10433
37105,0.965,0.10429
37116,0.9725,0.10425
37129,0.9675,0.10421
37143,0.965,0.10417
37154,0.9725,0.10413
37165,0.9725,0.1041
37177,0.97,0.10406
37188,0.9725,0.10402
37199,0.9725,0.10399
37210,0.9725,0.10395
37223,0.9675,0.10391
37235,0.97,0.10387
37247,0.97,0.10383
37258,0.9725,0.1038
37269,0.9725,0.10376
37281,0.97,0.10372
37292,0.9725,0.10369
37309,0.9575,0.10363
37326,0.9575,0.10358
37360,0.915,0.10347
37379,0.9525,0.10341
37391,0.97,0.10337
37427,0.91,0.10326
37438,0.9725,0.10322
37452,0.965,0.10318
37479,0.9325,0.10309
37490,0.9725,0.10306
37502,0.97,0.10302
37517,0.9625,0.10298
37535,0.955,0.10292
37548,0.9675,0.10288
37560,0.97,0.10284
37572,0.97,0.1028
37583,0.9725,0.10277
37597,0.965,0.10273
37612,0.9625,0.10268
37624,0.97,0.10264
37635,0.9725,0.10261
37650,0.9625,0.10256
37663,0.9675,0.10252
37674,0.9725,0.10249
37687,0.9675,0.10245
37698,0.9725,0.10241
37710,0.97,0.10238
37722,0.97,0.10234
37735,0.9675,0.1023
37753,0.955,0.10224
37764,0.9725,0.10221
37780,0.96,0.10216
37791,0.9725,0.10213
37804,0.9675,0.10209
37815,0.9725,0.10205
37826,0.9725,0.10202
37838,0.97,0.10198
37853,0.9625,0.10194
37864,0.9725,0.1019
37875,0.9725,0.10187
37886,0.9725,0.10184
37898,0.97,0.1018
37912,0.965,0.10176
37924,0.97,0.10172
37938,0.965,0.10168
37951,0.9675,0.10164
37963,0.97,0.1016
37977,0.965,0.10156
37988,0.9725,0.10153
38001,0.9675,0.10149
38012,0.9725,0.10146
38027,0.9625,0.10141
38039,0.97,0.10138
38058,0.9525,0.10132
38069,0.9725,0.10129
38083,0.965,0.10124
38094,0.9725,0.10121
38110,0.96,0.10116
38125,0.9625,0.10112
38138,0.9675,0.10108
38152,0.965,0.10104
38166,0.965,0.101
38178,0.97,0.10096
38192,0.965,0.10092
38203,0.9725,0.10089
38215,0.97,0.10085
38227,0.97,0.10082
38239,0.97,0.10078
38250,0.9725,0.10075
38262,0.97,0.10071
38276,0.965,0.10067
38289,0.9675,0.10064
38303,0.965,0.10059
38314,0.9725,0.10056
38326,0.97,0.10053
38337,0.9725,0.1005
38351,0.965,0.10045
38363,0.97,0.10042
38374,0.9725,0.10039
38386,0.97,0.10035
38397,0.9725,0.10032
38410,0.9675,0.10028
38421,0.9725,0.10025
38434,0.9675,0.10021
38446,0.97,0.10018
38457,0.9725,0.10015
38471,0.965,0.10011
38483,0.97,0.10007
38498,0.9625,0.10003
38509,0.9725,0.1
38520,0.9725,0.09997
38531,0.9725,0.09993
38542,0.9725,0.0999
38554,0.97,0.09987
38565,0.9725,0.09984
38576,0.9725,0.09981
38588,0.97,0.09977
38599,0.9725,0.09974
38611,0.97,0.09971
38624,0.9675,0.09967
38635,0.9725,0.09964
38646,0.9725,0.09961
38662,0.96,0.09956
38673,0.9725,0.09953
38684,0.9725,0.0995
38699,0.9625,0.09946
38710,0.9725,0.09942
38722,0.97,0.09939
38733,0.9725,0.09936
38744,0.9725,0.09933
38757,0.9675,0.09929
38768,0.9725,0.09926
38779,0.9725,0.09923
38792,0.9675,0.09919
38806,0.965,0.09915
38820,0.965,0.09912
38832,0.97,0.09908
38844,0.97,0.09905
38856,0.97,0.09901
38867,0.9725,0.09898
38878,0.9725,0.09895
38889,0.9725,0.09892
38901,0.97,0.09889
38916,0.9625,0.09885
38928,0.97,0.09881
38940,0.97,0.09878
38952,0.97,0.09875
38967,0.9625,0.09871
38980,0.9675,0.09867
38992,0.97,0.09864
39005,0.9675,0.0986
39016,0.9725,0.09857
39029,0.9675,0.09854
39044,0.9625,0.09849
39056,0.97,0.09846
39067,0.9725,0.09843
39079,0.97,0.0984
39092,0.9675,0.09836
39108,0.96,0.09832
39124,0.96,0.09828
39136,0.97,0.09824
39148,0.97,0.09821
39162,0.965,0.09817
39173,0.9725,0.09814
39184,0.9725,0.09811
39199,0.9625,0.09807
39212,0.9675,0.09804
39223,0.9725,0.09801
39237,0.965,0.09797
39248,0.9725,0.09794
39260,0.97,0.09791
39271,0.9725,0.09788
39284,0.9675,0.09784
39299,0.9625,0.0978
39313,0.965,0.09776
39324,0.9725,0.09774
39335,0.9725,0.09771
39347,0.97,0.09767
39358,0.9725,0.09764
39369,0.9725,0.09762
39382,0.9675,0.09758
39393,0.9725,0.09755
39409,0.96,0.09751
39425,0.96,0.09747
39436,0.9725,0.09744
39450,0.965,0.0974
39462,0.97,0.09737
39473,0.9725,0.09734
39486,0.9675,0.0973
39498,0.97,0.09727
39509,0.9725,0.09724
39521,0.97,0.09721
39534,0.9675,0.09718
39551,0.9575,0.09713
39564,0.9675,0.0971
39575,0.9725,0.09707
39586,0.9725,0.09704
39597,0.9725,0.09701
39608,0.9725,0.09698
39623,0.9625,0.09694
39635,0.97,0.09691
39646,0.9725,0.09689
39657,0.9725,0.09686
39668,0.9725,0.09683
39679,0.9725,0.0968
39690,0.9725,0.09677
39701,0.9725,0.09674
39712,0.9725,0.09671
39723,0.9725,0.09669
39735,0.97,0.09665
39747,0.97,0.09662
39759,0.97,0.09659
39773,0.965,0.09656
39786,0.9675,0.09652
39797,0.9725,0.09649
39808,0.9725,0.09647
39819,0.9725,0.09644
39831,0.97,0.09641
39843,0.97,0.09638
39854,0.9725,0.09635
39869,0.9625,0.09631
39884,0.9625,0.09627
39895,0.9725,0.09624
39906,0.9725,0.09622
39917,0.9725,0.09619
39930,0.9675,0.09615
39946,0.96,0.09611
39958,0.97,0.09608
39969,0.9725,0.09606
39983,0.965,0.09602
39995,0.97,0.09599
40006,0.9725,0.09596
40017,0.9725,0.09593
40028,0.9725,0.09591
40040,0.97,0.09588
40051,0.9725,0.09585
40063,0.97,0.09582
40076,0.9675,0.09579
40088,0.97,0.09576
40099,0.9725,0.09573
40111,0.97,0.0957
40122,0.9725,0.09567
40134,0.97,0.09564
40150,0.96,0.0956
40161,0.9725,0.09557
40173,0.97,0.09554
40184,0.9725,0.09552
40196,0.97,0.09549
40209,0.9675,0.09545
40220,0.9725,0.09543
40233,0.9675,0.09539
40245,0.97,0.09536
40256,0.9725,0.09534
40268,0.97,0.09531
40279,0.9725,0.09528
40290,0.9725,0.09525
40301,0.9725,0.09523
40314,0.9675,0.09519
40326,0.97,0.09517
40337,0.9725,0.09514
40351,0.965,0.0951
40364,0.9675,0.09507
40375,0.9725,0.09505
40388,0.9675,0.09501
40399,0.9725,0.09499
40410,0.9725,0.09496
40421,0.9725,0.09493
40435,0.965,0.0949
40449,0.965,0.09487
40460,0.9725,0.09484
40473,0.9675,0.09481
40485,0.97,0.09478
40497,0.97,0.09475
40508,0.9725,0.09472
40521,0.9675,0.09469
40532,0.9725,0.09466
40545,0.9675,0.09463
40559,0.965,0.0946
40570,0.9725,0.09457
40582,0.97,0.09454
40593,0.9725,0.09452
40608,0.9625,0.09448
40619,0.9725,0.09446
40631,0.97,0.09443
40642,0.9725,0.0944
40653,0.9725,0.09437
40666,0.9675,0.09434
40677,0.9725,0.09432
40691,0.965,0.09428
40702,0.9725,0.09426
40717,0.9625,0.09422
40731,0.965,0.09419
40742,0.9725,0.09416
40754,0.97,0.09413
40765,0.9725,0.09411
40776,0.9725,0.09408
40788,0.97,0.09405
40799,0.9725,0.09403
40811,0.97,0.094
40822,0.9725,0.09397
40838,0.96,0.09394
40853,0.9625,0.0939
40864,0.9725,0.09388
40875,0.9725,0.09385
40886,0.9725,0.09382
40897,0.9725,0.0938
40910,0.9675,0.09377
40922,0.97,0.09374
40933,0.9725,0.09371
40946,0.9675,0.09368
40957,0.9725,0.09366
40971,0.965,0.09363
40982,0.9725,0.0936
40995,0.9675,0.09357
41008,0.9675,0.09354
41019,0.9725,0.09351
41030,0.9725,0.09349
41043,0.9675,0.09346
41054,0.9725,0.09343
41065,0.9725,0.09341
41079,0.965,0.09338
41094,0.9625,0.09334
41106,0.97,0.09331
41118,0.97,0.09329
41130,0.97,0.09326
41141,0.9725,0.09323
41152,0.9725,0.09321
41163,0.9725,0.09318
41174,0.9725,0.09316
41186,0.97,0.09313
41197,0.9725,0.09311
41208,0.9725,0.09308
41222,0.965,0.09305
41233,0.9725,0.09302
41244,0.9725,0.093
41257,0.9675,0.09297
41268,0.9725,0.09294
41279,0.9725,0.09292
41290,0.9725,0.0929
41306,0.96,0.09286
41320,0.965,0.09283
41332,0.97,0.0928
41344,0.97,0.09277
41356,0.97,0.09275
41368,0.97,0.09272
41379,0.9725,0.0927
41391,0.97,0.09267
41403,0.97,0.09264
41416,0.9675,0.09261
41427,0.9725,0.09259
41440,0.9675,0.09256
41455,0.9625,0.09253
41468,0.9675,0.0925
41479,0.9725,0.09247
41490,0.9725,0.09245
41503,0.9675,0.09242
41517,0.965,0.09239
41529,0.97,0.09236
41541,0.97,0.09233
41552,0.9725,0.09231
41563,0.9725,0.09229
41574,0.9725,0.09226
41585,0.9725,0.09224
41598,0.9675,0.09221
41610,0.97,0.09218
41621,0.9725,0.09216
41632,0.9725,0.09213
41643,0.9725,0.09211
41656,0.9675,0.09208
41671,0.9625,0.09205
41684,0.9675,0.09202
41696,0.97,0.09199
41709,0.9675,0.09197
41720,0.9725,0.09194
41733,0.9675,0.09191
41744,0.9725,0.09189
41755,0.9725,0.09187
41766,0.9725,0.09184
41777,0.9725,0.09182
41790,0.9675,0.09179
41801,0.9725,0.09177
41818,0.9575,0.09173
41831,0.9675,0.0917
41846,0.9625,0.09167
41865,0.9525,0.09163
41876,0.9725,0.09161
41890,0.965,0.09158
41901,0.9725,0.09155
41919,0.955,0.09151
41930,0.9725,0.09149
41942,0.97,0.09146
41957,0.9625,0.09143
41968,0.9725,0.09141
41982,0.965,0.09138
41995,0.9675,0.09135
42008,0.9675,0.09132
42023,0.9625,0.09129
42036,0.9675,0.09126
42047,0.9725,0.09124
42062,0.9625,0.09121
42073,0.9725,0.09119
42084,0.9725,0.09116
42095,0.9725,0.09114
42110,0.9625,0.09111
42125,0.9625,0.09108
42138,0.9675,0.09105
42149,0.9725,0.09103
42163,0.965,0.091
42174,0.9725,0.09097
42185,0.9725,0.09095
42196,0.9725,0.09093
42207,0.9725,0.09091
42219,0.97,0.09088
42230,0.9725,0.09086
42241,0.9725,0.09083
42254,0.9675,0.09081
42266,0.97,0.09078
42281,0.9625,0.09075
42295,0.965,0.09072
42309,0.965,0.09069
42320,0.9725,0.09067
42334,0.965,0.09064
42345,0.9725,0.09062
42356,0.9725,0.0906
42367,0.9725,0.09057
42381,0.965,0.09055
42393,0.97,0.09052
42405,0.97,0.0905
42416,0.9725,0.09047
42427,0.9725,0.09045
42439,0.97,0.09043
42450,0.9725,0.0904
42461,0.9725,0.09038
42473,0.97,0.09036
42486,0.9675,0.09033
42498,0.97,0.09031
42512,0.965,0.09028
42526,0.965,0.09025
42539,0.9675,0.09022
42550,0.9725,0.0902
42565,0.9625,0.09017
42578,0.9675,0.09014
42589,0.9725,0.09012
42601,0.97,0.0901
42613,0.97,0.09007
42625,0.97,0.09005
42640,0.9625,0.09002
42651,0.9725,0.09
42663,0.97,0.08997
42674,0.9725,0.08995
42685,0.9725,0.08993
42696,0.9725,0.08991
42714,0.955,0.08987
42725,0.9725,0.08985
42736,0.9725,0.08983
42749,0.9675,0.0898
42762,0.9675,0.08978
42774,0.97,0.08975
42785,0.9725,0.08973
42797,0.97,0.08971
42808,0.9725,0.08968
42819,0.9725,0.08966
42832,0.9675,0.08964
42843,0.9725,0.08962
42854,0.9725,0.08959
42867,0.9675,0.08957
42878,0.9725,0.08955
42889,0.9725,0.08952
42902,0.9675,0.0895
42922,0.95,0.08946
42934,0.97,0.08944
42945,0.9725,0.08941
42956,0.9725,0.08939
42969,0.9675,0.08937
42982,0.9675,0.08934
42993,0.9725,0.08932
43004,0.9725,0.0893
43015,0.9725,0.08928
43028,0.9675,0.08925
43041,0.9675,0.08923
43054,0.9675,0.0892
43067,0.9675,0.08918
43078,0.9725,0.08916
43091,0.9675,0.08913
43103,0.97,0.08911
43118,0.9625,0.08908
43131,0.9675,0.08905
43143,0.97,0.08903
43159,0.96,0.089
43170,0.9725,0.08898
43181,0.9725,0.08896
43193,0.97,0.08894
43204,0.9725,0.08891
43217,0.9675,0.08889
43229,0.97,0.08887
43244,0.9625,0.08884
43257,0.9675,0.08881
43270,0.9675,0.08879
43281,0.9725,0.08877
43292,0.9725,0.08875
43307,0.9625,0.08872
43318,0.9725,0.0887
43329,0.9725,0.08868
43340,0.9725,0.08866
43351,0.9725,0.08863
43365,0.965,0.08861
43378,0.9675,0.08858
43391,0.9675,0.08856
43402,0.9725,0.08854
43413,0.9725,0.08852
43424,0.9725,0.0885
43436,0.97,0.08847
43447,0.9725,0.08845
43458,0.9725,0.08843
43471,0.9675,0.08841
43482,0.9725,0.08839
43493,0.9725,0.08837
43504,0.9725,0.08835
43516,0.97,0.08833
43527,0.9725,0.08831
43539,0.97,0.08828
43550,0.9725,0.08826
43561,0.9725,0.08824
43575,0.965,0.08822
43587,0.97,0.08819
43599,0.97,0.08817
43611,0.97,0.08815
43622,0.9725,0.08813
43633,0.9725,0.08811
43644,0.9725,0.08809
43655,0.9725,0.08807
43670,0.9625,0.08804
43681,0.9725,0.08802
43692,0.9725,0.088
43703,0.9725,0.08798
43717,0.965,0.08795
43729,0.97,0.08793
43740,0.9725,0.08791
43753,0.9675,0.08789
43766,0.9675,0.08787
43781,0.9625,0.08784
43792,0.9725,0.08782
43805,0.9675,0.08779
43820,0.9625,0.08777
43834,0.965,0.08774
43847,0.9675,0.08772
43858,0.9725,0.0877
43869,0.9725,0.08768
43880,0.9725,0.08766
43895,0.9625,0.08763
43906,0.9725,0.08761
43919,0.9675,0.08759
43930,0.9725,0.08757
43941,0.9725,0.08755
43952,0.9725,0.08753
43964,0.97,0.08751
43975,0.9725,0.08749
43986,0.9725,0.08747
43999,0.9675,0.08745
44010,0.9725,0.08743
44023,0.9675,0.0874
44036,0.9675,0.08738
44047,0.9725,0.08736
44058,0.9725,0.08734
44069,0.9725,0.08732
44080,0.9725,0.0873
44092,0.97,0.08728
44106,0.965,0.08726
44122,0.96,0.08723
44133,0.9725,0.08721
44144,0.9725,0.08719
44155,0.9725,0.08717
44169,0.965,0.08714
44180,0.9725,0.08712
44194,0.965,0.0871
44207,0.9675,0.08708
44218,0.9725,0.08706
44229,0.9725,0.08704
44240,0.9725,0.08702
44251,0.9725,0.087
44262,0.9725,0.08698
44273,0.9725,0.08696
44286,0.9675,0.08694
44297,0.9725,0.08692
44308,0.9725,0.0869
44320,0.97,0.08688
44336,0.96,0.08685
44347,0.9725,0.08683
44360,0.9675,0.08681
44375,0.9625,0.08679
44388,0.9675,0.08676
44400,0.97,0.08674
44411,0.9725,0.08672
44424,0.9675,0.0867
44437,0.9675,0.08668
44448,0.9725,0.08666
44459,0.9725,0.08664
44470,0.9725,0.08662
44481,0.9725,0.0866
44492,0.9725,0.08658
44504,0.97,0.08656
44517,0.9675,0.08654
44534,0.9575,0.08651
44545,0.9725,0.08649
44556,0.9725,0.08648
44567,0.9725,0.08646
44580,0.9675,0.08643
44594,0.965,0.08641
44606,0.97,0.08639
44617,0.9725,0.08637
44630,0.9675,0.08635
44641,0.9725,0.08633
44652,0.9725,0.08631
44665,0.9675,0.08629
44678,0.9675,0.08627
44691,0.9675,0.08625
44703,0.97,0.08623
44715,0.97,0.08621
44728,0.9675,0.08618
44739,0.9725,0.08617
44751,0.97,0.08615
44763,0.97,0.08613
44774,0.9725,0.08611
44786,0.97,0.08609
44797,0.9725,0.08607
44808,0.9725,0.08605
44819,0.9725,0.08603
44830,0.9725,0.08601
44841,0.9725,0.086
44856,0.9625,0.08597
44867,0.9725,0.08595
44878,0.9725,0.08594
44891,0.9675,0.08591
44902,0.9725,0.0859
44916,0.965,0.08587
44927,0.9725,0.08585
44938,0.9725,0.08584
44949,0.9725,0.08582
44962,0.9675,0.0858
44973,0.9725,0.08578
44986,0.9675,0.08576
44998,0.97,0.08574
45009,0.9725,0.08572
45020,0.9725,0.0857
45032,0.97,0.08568
45045,0.9675,0.08566
45061,0.96,0.08564
45073,0.97,0.08562
45084,0.9725,0.0856
45096,0.97,0.08558
45108,0.97,0.08556
45119,0.9725,0.08554
45130,0.9725,0.08552
45142,0.97,0.0855
45154,0.97,0.08548
45165,0.9725,0.08547
45176,0.9725,0.08545
45188,0.97,0.08543
45199,0.9725,0.08541
45210,0.9725,0.08539
45221,0.9725,0.08538
45234,0.9675,0.08536
45247,0.9675,0.08533
45259,0.97,0.08532
45272,0.9675,0.08529
45283,0.9725,0.08528
45294,0.9725,0.08526
45307,0.9675,0.08524
45318,0.9725,0.08522
45331,0.9675,0.0852
45346,0.9625,0.08518
45359,0.9675,0.08516
45371,0.97,0.08514
45382,0.9725,0.08512
45395,0.9675,0.0851
45407,0.97,0.08508
45418,0.9725,0.08506
45429,0.9725,0.08505
45441,0.97,0.08503
45452,0.9725,0.08501
45463,0.9725,0.08499
45474,0.9725,0.08498
45490,0.96,0.08495
45501,0.9725,0.08493
45513,0.97,0.08491
45525,0.97,0.0849
45536,0.9725,0.08488
45547,0.9725,0.08486
45561,0.965,0.08484
45572,0.9725,0.08482
45585,0.9675,0.0848
45602,0.9575,0.08478
45615,0.9675,0.08476
45626,0.9725,0.08474
45639,0.9675,0.08472
45650,0.9725,0.0847
45661,0.9725,0.08468
45672,0.9725,0.08467
45685,0.9675,0.08465
45696,0.9725,0.08463
45707,0.9725,0.08461
45719,0.97,0.08459
45733,0.965,0.08457
45744,0.9725,0.08456
45758,0.965,0.08453
45769,0.9725,0.08452
45780,0.9725,0.0845
45791,0.9725,0.08448
45803,0.97,0.08447
45817,0.965,0.08444
45828,0.9725,0.08443
45839,0.9725,0.08441
45850,0.9725,0.08439
45861,0.9725,0.08438
45874,0.9675,0.08436
45885,0.9725,0.08434
45896,0.9725,0.08432
45908,0.97,0.08431
45919,0.9725,0.08429
45934,0.9625,0.08427
45945,0.9725,0.08425
45958,0.9675,0.08423
45972,0.965,0.08421
45987,0.9625,0.08419
46002,0.9625,0.08416
46016,0.965,0.08414
46029,0.9675,0.08412
46042,0.9675,0.0841
46054,0.97,0.08409
46065,0.9725,0.08407
46076,0.9725,0.08405
46088,0.97,0.08404
46099,0.9725,0.08402
46112,0.9675,0.084
46124,0.97,0.08398
46141,0.9575,0.08396
46153,0.97,0.08394
46164,0.9725,0.08392
46175,0.9725,0.08391
46187,0.97,0.08389
46198,0.9725,0.08387
46210,0.97,0.08386
46222,0.97,0.08384
46233,0.9725,0.08382
46245,0.97,0.0838
46257,0.97,0.08379
46272,0.9625,0.08376
46286,0.965,0.08374
46298,0.97,0.08373
46309,0.9725,0.08371
46322,0.9675,0.08369
46337,0.9625,0.08367
46349,0.97,0.08365
46362,0.9675,0.08363
46373,0.9725,0.08362
46386,0.9675,0.0836
46397,0.9725,0.08358
46409,0.97,0.08357
46425,0.96,0.08354
46438,0.9675,0.08352
46452,0.965,0.0835
46463,0.9725,0.08349
46474,0.9725,0.08347
46487,0.9675,0.08345
46500,0.9675,0.08343
46514,0.965,0.08341
46525,0.9725,0.0834
46541,0.96,0.08338
46553,0.97,0.08336
46564,0.9725,0.08334
46575,0.9725,0.08333
46586,0.9725,0.08331
46597,0.9725,0.0833
46610,0.9675,0.08328
46624,0.965,0.08326
46638,0.965,0.08324
46649,0.9725,0.08322
46660,0.9725,0.08321
46675,0.9625,0.08318
46686,0.9725,0.08317
46697,0.9725,0.08315
46712,0.9625,0.08313
46723,0.9725,0.08312
46734,0.9725,0.0831
46745,0.9725,0.08309
46761,0.96,0.08306
46773,0.97,0.08305
46784,0.9725,0.08303
46795,0.9725,0.08302
46810,0.9625,0.08299
46823,0.9675,0.08298
46837,0.965,0.08296
46855,0.955,0.08293
46866,0.9725,0.08292
46877,0.9725,0.0829
46888,0.9725,0.08289
46899,0.9725,0.08287
46910,0.9725,0.08286
46923,0.9675,0.08284
46934,0.9725,0.08282
46948,0.965,0.0828
46959,0.9725,0.08279
46970,0.9725,0.08277
46982,0.97,0.08276
46993,0.9725,0.08274
47005,0.97,0.08272
47018,0.9675,0.08271
47029,0.9725,0.08269
47042,0.9675,0.08267
47053,0.9725,0.08266
47064,0.9725,0.08264
47076,0.97,0.08263
47088,0.97,0.08261
47099,0.9725,0.0826
47110,0.9725,0.08258
47122,0.97,0.08256
47133,0.9725,0.08255
47144,0.9725,0.08253
47158,0.965,0.08252
47171,0.9675,0.0825
47182,0.9725,0.08248
47193,0.9725,0.08247
47206,0.9675,0.08245
47217,0.9725,0.08244
47230,0.9675,0.08242
47241,0.9725,0.0824
47252,0.9725,0.08239
47265,0.9675,0.08237
47280,0.9625,0.08235
47296,0.96,0.08233
47308,0.97,0.08231
47319,0.9725,0.0823
47330,0.9725,0.08228
47343,0.9675,0.08227
47355,0.97,0.08225
47367,0.97,0.08223
47380,0.9675,0.08222
47394,0.965,0.0822
47406,0.97,0.08218
47417,0.9725,0.08217
47431,0.965,0.08215
47446,0.9625,0.08213
47459,0.9675,0.08211
47470,0.9725,0.0821
47485,0.9625,0.08208
47499,0.965,0.08206
47511,0.97,0.08204
47530,0.9525,0.08202
47541,0.9725,0.082
47552,0.9725,0.08199
47564,0.97,0.08197
47575,0.9725,0.08196
47588,0.9675,0.08194
47599,0.9725,0.08193
47610,0.9725,0.08191
47621,0.9725,0.0819
47634,0.9675,0.08188
47645,0.9725,0.08187
47660,0.9625,0.08185
47671,0.9725,0.08184
47684,0.9675,0.08182
47696,0.97,0.0818
47708,0.97,0.08179
47720,0.97,0.08177
47734,0.965,0.08175
47749,0.9625,0.08173
47761,0.97,0.08172
47772,0.9725,0.0817
47786,0.965,0.08169
47797,0.9725,0.08167
47808,0.9725,0.08166
47822,0.965,0.08164
47834,0.97,0.08163
47847,0.9675,0.08161
47860,0.9675,0.08159
47873,0.9675,0.08158
47884,0.9725,0.08156
47898,0.965,0.08154
47909,0.9725,0.08153
47920,0.9725,0.08152
47932,0.97,0.0815
47943,0.9725,0.08149
47958,0.9625,0.08147
47970,0.97,0.08145
47981,0.9725,0.08144
47992,0.9725,0.08142
48005,0.9675,0.08141
48016,0.9725,0.08139
48029,0.9675,0.08138
48040,0.9725,0.08136
48051,0.9725,0.08135
48062,0.9725,0.08134
48074,0.97,0.08132
48089,0.9625,0.0813
48104,0.9625,0.08128
48115,0.9725,0.08127
48129,0.965,0.08125
48140,0.9725,0.08124
48151,0.9725,0.08123
48163,0.97,0.08121
48175,0.97,0.0812
48187,0.97,0.08118
48199,0.97,0.08117
48210,0.9725,0.08115
48223,0.9675,0.08114
48238,0.9625,0.08112
48250,0.97,0.0811
48266,0.96,0.08108
48277,0.9725,0.08107
48288,0.9725,0.08106
48301,0.9675,0.08104
48312,0.9725,0.08103
48326,0.965,0.08101
48337,0.9725,0.081
48352,0.9625,0.08098
48363,0.9725,0.08096
48375,0.97,0.08095
48388,0.9675,0.08093
48404,0.96,0.08091
48415,0.9725,0.0809
48427,0.97,0.08089
48446,0.9525,0.08086
48460,0.965,0.08085
48472,0.97,0.08083
48483,0.9725,0.08082
48498,0.9625,0.0808
48509,0.9725,0.08079
48522,0.9675,0.08077
48534,0.97,0.08076
48545,0.9725,0.08074
48561,0.96,0.08072
48572,0.9725,0.08071
48583,0.9725,0.0807
48594,0.9725,0.08068
48605,0.9725,0.08067
48619,0.965,0.08065
48631,0.97,0.08064
48644,0.9675,0.08062
48656,0.97,0.08061
48671,0.9625,0.08059
48682,0.9725,0.08058
48693,0.9725,0.08057
48704,0.9725,0.08055
48718,0.965,0.08054
48729,0.9725,0.08052
48740,0.9725,0.08051
48753,0.9675,0.0805
48765,0.97,0.08048
48776,0.9725,0.08047
48787,0.9725,0.08046
48798,0.9725,0.08044
48810,0.97,0.08043
48825,0.9625,0.08041
48836,0.9725,0.0804
48849,0.9675,0.08038
48860,0.9725,0.08037
48871,0.9725,0.08036
48882,0.9725,0.08034
48893,0.9725,0.08033
48904,0.9725,0.08032
48916,0.97,0.0803
48927,0.9725,0.08029
48938,0.9725,0.08028
48949,0.9725,0.08027
48965,0.96,0.08025
48978,0.9675,0.08023
48989,0.9725,0.08022
49000,0.9725,0.08021
49011,0.9725,0.08019
49022,0.9725,0.08018
49035,0.9675,0.08017
49046,0.9725,0.08015
49057,0.9725,0.08014
49068,0.9725,0.08013
49081,0.9675,0.08011
49092,0.9725,0.0801
49103,0.9725,0.08009
49116,0.9675,0.08007
49128,0.97,0.08006
49143,0.9625,0.08004
49156,0.9675,0.08003
49167,0.9725,0.08002
49179,0.97,0.08
49191,0.97,0.07999
49202,0.9725,0.07998
49215,0.9675,0.07996
49226,0.9725,0.07995
49249,0.9425,0.07992
49263,0.965,0.07991
49280,0.9575,0.07989
49292,0.97,0.07987
49303,0.9725,0.07986
49316,0.9675,0.07985
49327,0.9725,0.07983
49339,0.97,0.07982
49351,0.97,0.07981
49362,0.9725,0.0798
49373,0.9725,0.07978
49384,0.9725,0.07977
49396,0.97,0.07976
49411,0.9625,0.07974
49422,0.9725,0.07973
49435,0.9675,0.07971
49448,0.9675,0.0797
49460,0.97,0.07969
49473,0.9675,0.07967
49484,0.9725,0.07966
49496,0.97,0.07965
49508,0.97,0.07963
49521,0.9675,0.07962
49533,0.97,0.07961
49547,0.965,0.07959
49558,0.9725,0.07958
49569,0.9725,0.07957
49582,0.9675,0.07955
49593,0.9725,0.07954
49604,0.9725,0.07953
49615,0.9725,0.07951
49627,0.97,0.0795
49638,0.9725,0.07949
49651,0.9675,0.07948
49663,0.97,0.07946
49675,0.97,0.07945
49686,0.9725,0.07944
49700,0.965,0.07942
49711,0.9725,0.07941
49724,0.9675,0.0794
49736,0.97,0.07938
49754,0.955,0.07936
49765,0.9725,0.07935
49776,0.9725,0.07934
49789,0.9675,0.07933
49800,0.9725,0.07931
49811,0.9725,0.0793
49822,0.9725,0.07929
49835,0.9675,0.07928
49847,0.97,0.07926
49858,0.9725,0.07925
49869,0.9725,0.07924
49881,0.97,0.07923
49896,0.9625,0.07921
49907,0.9725,0.0792
49919,0.97,0.07919
49932,0.9675,0.07917
49947,0.9625,0.07916
49958,0.9725,0.07914
49970,0.97,0.07913
49983,0.9675,0.07912
49994,0.9725,0.07911
50007,0.9675,0.07909
50020,0.9675,0.07908
50031,0.9725,0.07907
50045,0.965,0.07905
50058,0.9675,0.07904
50069,0.9725,0.07903
50081,0.97,0.07901
50092,0.9725,0.079
50104,0.97,0.07899
50115,0.9725,0.07898
50131,0.96,0.07896
50143,0.97,0.07895
50154,0.9725,0.07894
50165,0.9725,0.07893
50177,0.97,0.07891
50188,0.9725,0.0789
50200,0.97,0.07889
50212,0.97,0.07888
50223,0.9725,0.07887
50234,0.9725,0.07885
50246,0.97,0.07884
50258,0.97,0.07883
50270,0.97,0.07882
50281,0.9725,0.07881
50292,0.9725,0.07879
50305,0.9675,0.07878
50322,0.9575,0.07876
50336,0.965,0.07875
50347,0.9725,0.07874
50358,0.9725,0.07873
50370,0.97,0.07871
50381,0.9725,0.0787
50393,0.97,0.07869
50404,0.9725,0.07868
50418,0.965,0.07867
50431,0.9675,0.07865
50445,0.965,0.07864
50456,0.9725,0.07863
50468,0.97,0.07861
50481,0.9675,0.0786
50495,0.965,0.07859
50508,0.9675,0.07857
50519,0.9725,0.07856
50530,0.9725,0.07855
50541,0.9725,0.07854
50552,0.9725,0.07853
50563,0.9725,0.07852
50574,0.9725,0.07851
50587,0.9675,0.07849
50598,0.9725,0.07848
50611,0.9675,0.07847
50623,0.97,0.07846
50634,0.9725,0.07845
50647,0.9675,0.07843
50658,0.9725,0.07842
50669,0.9725,0.07841
50680,0.9725,0.0784
50691,0.9725,0.07839
50704,0.9675,0.07838
50715,0.9725,0.07837
50726,0.9725,0.07835
50737,0.9725,0.07834
50749,0.97,0.07833
50760,0.9725,0.07832
50771,0.9725,0.07831
50783,0.97,0.0783
50794,0.9725,0.07829
50805,0.9725,0.07828
50816,0.9725,0.07827
50827,0.9725,0.07825
50838,0.9725,0.07824
50853,0.9625,0.07823
50865,0.97,0.07822
50876,0.9725,0.07821
50887,0.9725,0.0782
50900,0.9675,0.07818
50911,0.9725,0.07817
50922,0.9725,0.07816
50933,0.9725,0.07815
50945,0.97,0.07814
50959,0.965,0.07813
50973,0.965,0.07811
50984,0.9725,0.0781
50996,0.97,0.07809
51010,0.965,0.07808
51021,0.9725,0.07806
51033,0.97,0.07805
51048,0.9625,0.07804
51060,0.97,0.07803
51071,0.9725,0.07802
51082,0.9725,0.07801
51093,0.9725,0.078
51104,0.9725,0.07798
51120,0.96,0.07797
51131,0.9725,0.07796
51145,0.965,0.07795
51156,0.9725,0.07793
51168,0.97,0.07792
51180,0.97,0.07791
51192,0.97,0.0779
51203,0.9725,0.07789
51214,0.9725,0.07788
51226,0.97,0.07787
51239,0.9675,0.07786
51251,0.97,0.07784
51266,0.9625,0.07783
51277,0.9725,0.07782
51290,0.9675,0.07781
51301,0.9725,0.0778
51313,0.97,0.07779
51324,0.9725,0.07777
51337,0.9675,0.07776
51349,0.97,0.07775
51361,0.97,0.07774
51372,0.9725,0.07773
51383,0.9725,0.07772
51395,0.97,0.07771
51406,0.9725,0.0777
51419,0.9675,0.07769
51432,0.9675,0.07767
51443,0.9725,0.07766
51456,0.9675,0.07765
51470,0.965,0.07764
51483,0.9675,0.07763
51494,0.9725,0.07762
51508,0.965,0.0776
51519,0.9725,0.07759
51530,0.9725,0.07758
51544,0.965,0.07757
51555,0.9725,0.07756
51566,0.9725,0.07755
51577,0.9725,0.07754
51589,0.97,0.07753
51605,0.96,0.07751
51619,0.965,0.0775
51633,0.965,0.07749
51645,0.97,0.07748
51656,0.9725,0.07747
51667,0.9725,0.07746
51679,0.97,0.07744
51692,0.9675,0.07743
51704,0.97,0.07742
51717,0.9675,0.07741
51728,0.9725,0.0774
51739,0.9725,0.07739
51750,0.9725,0.07738
51763,0.9675,0.07737
51778,0.9625,0.07735
51795,0.9575,0.07734
51808,0.9675,0.07733
51820,0.97,0.07732
51831,0.9725,0.07731
51844,0.9675,0.07729
51858,0.965,0.07728
51869,0.9725,0.07727
51883,0.965,0.07726
51897,0.965,0.07725
51910,0.9675,0.07724
51921,0.9725,0.07723
51932,0.9725,0.07722
51943,0.9725,0.07721
51963,0.95,0.07719
51975,0.97,0.07718
51987,0.97,0.07717
51998,0.9725,0.07716
52013,0.9625,0.07714
52024,0.9725,0.07713
52035,0.9725,0.07712
52047,0.97,0.07711
52062,0.9625,0.0771
52074,0.97,0.07709
52087,0.9675,0.07708
52098,0.9725,0.07707
52109,0.9725,0.07706
52120,0.9725,0.07705
52132,0.97,0.07704
52143,0.9725,0.07703
52154,0.9725,0.07702
52165,0.9725,0.07701
52176,0.9725,0.077
52187,0.9725,0.07699
52202,0.9625,0.07698
52214,0.97,0.07697
52226,0.97,0.07696
52239,0.9675,0.07694
52250,0.9725,0.07693
52261,0.9725,0.07692
52272,0.9725,0.07692
52285,0.9675,0.0769
52296,0.9725,0.07689
52309,0.9675,0.07688
52324,0.9625,0.07687
52337,0.9675,0.07686
52351,0.965,0.07685
52362,0.9725,0.07684
52375,0.9675,0.07683
52387,0.97,0.07682
52398,0.9725,0.07681
52409,0.9725,0.0768
52420,0.9725,0.07679
52433,0.9675,0.07678
52445,0.97,0.07677
52458,0.9675,0.07675
52469,0.9725,0.07675
52480,0.9725,0.07674
52496,0.96,0.07672
52508,0.97,0.07671
52520,0.97,0.0767
52532,0.97,0.07669
52545,0.9675,0.07668
52557,0.97,0.07667
52569,0.97,0.07666
52580,0.9725,0.07665
52592,0.97,0.07664
52609,0.9575,0.07663
52622,0.9675,0.07662
52636,0.965,0.0766
52647,0.9725,0.07659
52658,0.9725,0.07659
52670,0.97,0.07658
52681,0.9725,0.07657
52692,0.9725,0.07656
52703,0.9725,0.07655
52714,0.9725,0.07654
52725,0.9725,0.07653
52737,0.97,0.07652
52748,0.9725,0.07651
52761,0.9675,0.0765
52772,0.9725,0.07649
52788,0.96,0.07648
52801,0.9675,0.07647
52814,0.9675,0.07645
52826,0.97,0.07644
52837,0.9725,0.07644
52848,0.9725,0.07643
52859,0.9725,0.07642
52871,0.97,0.07641
52882,0.9725,0.0764
52893,0.9725,0.07639
52904,0.9725,0.07638
52916,0.97,0.07637
52927,0.9725,0.07636
52941,0.965,0.07635
52954,0.9675,0.07634
52967,0.9675,0.07633
52981,0.965,0.07632
52992,0.9725,0.07631
53003,0.9725,0.0763
53014,0.9725,0.07629
53025,0.9725,0.07628
53037,0.97,0.07627
53049,0.97,0.07626
53060,0.9725,0.07625
53073,0.9675,0.07624
53087,0.965,0.07623
53099,0.97,0.07622
53114,0.9625,0.07621
53125,0.9725,0.0762
53138,0.9675,0.07619
53149,0.9725,0.07618
53164,0.9625,0.07617
53175,0.9725,0.07616
53186,0.9725,0.07615
53197,0.9725,0.07614
53208,0.9725,0.07613
53221,0.9675,0.07612
53234,0.9675,0.07611
53245,0.9725,0.0761
53256,0.9725,0.07609
53271,0.9625,0.07608
53283,0.97,0.07607
53295,0.97,0.07606
53306,0.9725,0.07606
53317,0.9725,0.07605
53331,0.965,0.07604
53342,0.9725,0.07603
53356,0.965,0.07602
53367,0.9725,0.07601
53378,0.9725,0.076
53389,0.9725,0.07599
53401,0.97,0.07598
53412,0.9725,0.07597
53425,0.9675,0.07596
53436,0.9725,0.07595
53447,0.9725,0.07594
53458,0.9725,0.07594
53472,0.965,0.07592
53483,0.9725,0.07592
53494,0.9725,0.07591
53505,0.9725,0.0759
53519,0.965,0.07589
53532,0.9675,0.07588
53543,0.9725,0.07587
53554,0.9725,0.07586
53567,0.9675,0.07585
53580,0.9675,0.07584
53591,0.9725,0.07583
53607,0.96,0.07582
53619,0.97,0.07581
53631,0.97,0.0758
53642,0.9725,0.07579
53653,0.9725,0.07578
53664,0.9725,0.07577
53675,0.9725,0.07577
53686,0.9725,0.07576
53700,0.965,0.07575
53711,0.9725,0.07574
53723,0.97,0.07573
53734,0.9725,0.07572
53748,0.965,0.07571
53759,0.9725,0.0757
53770,0.9725,0.07569
53783,0.9675,0.07568
53796,0.9675,0.07567
53807,0.9725,0.07567
53818,0.9725,0.07566
53829,0.9725,0.07565
53842,0.9675,0.07564
53855,0.9675,0.07563
53866,0.9725,0.07562
53877,0.9725,0.07561
53888,0.9725,0.0756
53899,0.9725,0.0756
53910,0.9725,0.07559
53927,0.9575,0.07557
53938,0.9725,0.07557
53949,0.9725,0.07556
53960,0.9725,0.07555
53971,0.9725,0.07554
53982,0.9725,0.07553
53993,0.9725,0.07552
54006,0.9675,0.07552
54021,0.9625,0.0755
54032,0.9725,0.0755
54044,0.97,0.07549
54057,0.9675,0.07548
54070,0.9675,0.07547
54081,0.9725,0.07546
54092,0.9725,0.07545
54104,0.97,0.07544
54115,0.9725,0.07543
54126,0.9725,0.07543
54137,0.9725,0.07542
54150,0.9675,0.07541
54161,0.9725,0.0754
54172,0.9725,0.07539
54183,0.9725,0.07538
54194,0.9725,0.07538
54206,0.97,0.07537
54218,0.97,0.07536
54232,0.965,0.07535
54243,0.9725,0.07534
54254,0.9725,0.07533
54266,0.97,0.07532
54282,0.96,0.07531
54295,0.9675,0.0753
54308,0.9675,0.07529
54320,0.97,0.07528
54331,0.9725,0.07528
54344,0.9675,0.07527
54355,0.9725,0.07526
54369,0.965,0.07525
54380,0.9725,0.07524
54396,0.96,0.07523
54408,0.97,0.07522
54419,0.9725,0.07521
54431,0.97,0.0752
54443,0.97,0.07519
54454,0.9725,0.07519
54466,0.97,0.07518
54477,0.9725,0.07517
54489,0.97,0.07516
54500,0.9725,0.07515
54512,0.97,0.07514
54526,0.965,0.07513
54537,0.9725,0.07513
54548,0.9725,0.07512
54559,0.9725,0.07511
54572,0.9675,0.0751
54587,0.9625,0.07509
54599,0.97,0.07508
54610,0.9725,0.07507
54625,0.9625,0.07506
54643,0.955,0.07505
54660,0.9575,0.07504
54674,0.965,0.07503
54686,0.97,0.07502
54698,0.97,0.07501
54709,0.9725,0.075
54721,0.97,0.075
54732,0.9725,0.07499
54745,0.9675,0.07498
54756,0.9725,0.07497
54767,0.9725,0.07496
54778,0.9725,0.07496
54789,0.9725,0.07495
54800,0.9725,0.07494
54814,0.965,0.07493
54827,0.9675,0.07492
54840,0.9675,0.07491
54851,0.9725,0.07491
54862,0.9725,0.0749
54874,0.97,0.07489
54885,0.9725,0.07488
54896,0.9725,0.07487
54907,0.9725,0.07487
54919,0.97,0.07486
54930,0.9725,0.07485
54941,0.9725,0.07484
54952,0.9725,0.07484
54964,0.97,0.07483
54977,0.9675,0.07482
54990,0.9675,0.07481
55003,0.9675,0.0748
55014,0.9725,0.07479
55026,0.97,0.07478
55038,0.97,0.07478
55049,0.9725,0.07477
55060,0.9725,0.07476
55072,0.97,0.07475
55083,0.9725,0.07475
55096,0.9675,0.07474
55112,0.96,0.07473
55123,0.9725,0.07472
55134,0.9725,0.07471
55146,0.97,0.0747
55165,0.9525,0.07469
55177,0.97,0.07468
55188,0.9725,0.07467
55203,0.9625,0.07466
55215,0.97,0.07466
55234,0.9525,0.07464
55245,0.9725,0.07464
55260,0.9625,0.07463
55272,0.97,0.07462
55284,0.97,0.07461
55296,0.97,0.0746
55308,0.97,0.07459
55319,0.9725,0.07459
55330,0.9725,0.07458
55342,0.97,0.07457
55353,0.9725,0.07456
55364,0.9725,0.07456
55375,0.9725,0.07455
55386,0.9725,0.07454
55398,0.97,0.07453
55410,0.97,0.07453
55421,0.9725,0.07452
55436,0.9625,0.07451
55447,0.9725,0.0745
55458,0.9725,0.07449
55470,0.97,0.07449
55481,0.9725,0.07448
55494,0.9675,0.07447
55507,0.9675,0.07446
55518,0.9725,0.07445
55529,0.9725,0.07445
55540,0.9725,0.07444
55553,0.9675,0.07443
55564,0.9725,0.07442
55579,0.9625,0.07442
55592,0.9675,0.07441
55603,0.9725,0.0744
55614,0.9725,0.07439
55625,0.9725,0.07439
55636,0.9725,0.07438
55647,0.9725,0.07437
55660,0.9675,0.07436
55673,0.9675,0.07435
55684,0.9725,0.07435
55698,0.965,0.07434
55710,0.97,0.07433
55724,0.965,0.07432
55739,0.9625,0.07431
55753,0.965,0.0743
55765,0.97,0.07429
55777,0.97,0.07429
55790,0.9675,0.07428
55801,0.9725,0.07427
55813,0.97,0.07426
55825,0.97,0.07426
55836,0.9725,0.07425
55848,0.97,0.07424
55859,0.9725,0.07423
55873,0.965,0.07423
55884,0.9725,0.07422
55895,0.9725,0.07421
55906,0.9725,0.0742
55917,0.9725,0.0742
55928,0.9725,0.07419
55940,0.97,0.07418
55951,0.9725,0.07418
55962,0.9725,0.07417
55973,0.9725,0.07416
55987,0.965,0.07415
55998,0.9725,0.07415
56011,0.9675,0.07414
56022,0.9725,0.07413
56033,0.9725,0.07412
56044,0.9725,0.07412
56056,0.97,0.07411
56067,0.9725,0.0741
56078,0.9725,0.0741
56089,0.9725,0.07409
56102,0.9675,0.07408
56114,0.97,0.07407
56133,0.9525,0.07406
56144,0.9725,0.07406
56156,0.97,0.07405
56167,0.9725,0.07404
56179,0.97,0.07403
56191,0.97,0.07403
56204,0.9675,0.07402
56218,0.965,0.07401
56229,0.9725,0.074
56241,0.97,0.074
56253,0.97,0.07399
56266,0.9675,0.07398
56280,0.965,0.07397
56291,0.9725,0.07396
56303,0.97,0.07396
56317,0.965,0.07395
56328,0.9725,0.07394
56339,0.9725,0.07393
56350,0.9725,0.07393
56361,0.9725,0.07392
56373,0.97,0.07391
56386,0.9675,0.07391
56397,0.9725,0.0739
56409,0.97,0.07389
56421,0.97,0.07389
56432,0.9725,0.07388
56443,0.9725,0.07387
56455,0.97,0.07386
56466,0.9725,0.07386
56477,0.9725,0.07385
56490,0.9675,0.07384
56504,0.965,0.07383
56516,0.97,0.07383
56527,0.9725,0.07382
56540,0.9675,0.07381
56552,0.97,0.07381
56564,0.97,0.0738
56575,0.9725,0.07379
56586,0.9725,0.07379
56599,0.9675,0.07378
56614,0.9625,0.07377
56628,0.965,0.07376
56639,0.9725,0.07375
56650,0.9725,0.07375
56663,0.9675,0.07374
56676,0.9675,0.07373
56688,0.97,0.07372
56700,0.97,0.07372
56715,0.9625,0.07371
56726,0.9725,0.0737
56738,0.97,0.0737
56752,0.965,0.07369
56763,0.9725,0.07368
56774,0.9725,0.07367
56788,0.965,0.07367
56799,0.9725,0.07366
56810,0.9725,0.07365
56821,0.9725,0.07365
56836,0.9625,0.07364
56849,0.9675,0.07363
56862,0.9675,0.07362
56873,0.9725,0.07362
56885,0.97,0.07361
56897,0.97,0.0736
56908,0.9725,0.0736
56919,0.9725,0.07359
56934,0.9625,0.07358
56945,0.9725,0.07357
56958,0.9675,0.07357
56969,0.9725,0.07356
56982,0.9675,0.07355
56995,0.9675,0.07355
57007,0.97,0.07354
57020,0.9675,0.07353
57032,0.97,0.07352
57046,0.965,0.07352
57064,0.955,0.07351
57075,0.9725,0.0735
57086,0.9725,0.07349
57100,0.965,0.07349
57112,0.97,0.07348
57123,0.9725,0.07347
57134,0.9725,0.07347
57145,0.9725,0.07346
57159,0.965,0.07345
57174,0.9625,0.07344
57185,0.9725,0.07344
57196,0.9725,0.07343
57207,0.9725,0.07342
57218,0.9725,0.07342
57230,0.97,0.07341
57243,0.9675,0.0734
57255,0.97,0.0734
57266,0.9725,0.07339
57277,0.9725,0.07338
57289,0.97,0.07338
57302,0.9675,0.07337
57313,0.9725,0.07336
57324,0.9725,0.07336
57338,0.965,0.07335
57351,0.9675,0.07334
57363,0.97,0.07334
57374,0.9725,0.07333
57386,0.97,0.07332
57398,0.97,0.07332
57411,0.9675,0.07331
57422,0.9725,0.0733
57435,0.9675,0.0733
57447,0.97,0.07329
57458,0.9725,0.07328
57469,0.9725,0.07328
57482,0.9675,0.07327
57493,0.9725,0.07326
57504,0.9725,0.07326
57516,0.97,0.07325
57528,0.97,0.07324
57539,0.9725,0.07324
57554,0.9625,0.07323
57565,0.9725,0.07322
57576,0.9725,0.07322
57587,0.9725,0.07321
57598,0.9725,0.07321
57609,0.9725,0.0732
57623,0.965,0.07319
57634,0.9725,0.07319
57645,0.9725,0.07318
57658,0.9675,0.07317
57669,0.9725,0.07317
57682,0.9675,0.07316
57693,0.9725,0.07315
57704,0.9725,0.07315
57715,0.9725,0.07314
57729,0.965,0.07313
57740,0.9725,0.07313
57753,0.9675,0.07312
57764,0.9725,0.07312
57775,0.9725,0.07311
57786,0.9725,0.0731
57798,0.97,0.0731
57812,0.965,0.07309
57831,0.9525,0.07308
57848,0.9575,0.07307
57859,0.9725,0.07306
57870,0.9725,0.07306
57881,0.9725,0.07305
57893,0.97,0.07305
57904,0.9725,0.07304
57919,0.9625,0.07303
57930,0.9725,0.07303
57941,0.9725,0.07302
57957,0.96,0.07301
57968,0.9725,0.07301
57979,0.9725,0.073
57990,0.9725,0.073
58001,0.9725,0.07299
58013,0.97,0.07298
58026,0.9675,0.07298
58037,0.9725,0.07297
58048,0.9725,0.07296
58060,0.97,0.07296
58071,0.9725,0.07295
58082,0.9725,0.07295
58093,0.9725,0.07294
58105,0.97,0.07293
58116,0.9725,0.07293
58128,0.97,0.07292
58139,0.9725,0.07292
58150,0.9725,0.07291
58163,0.9675,0.0729
58178,0.9625,0.0729
58190,0.97,0.07289
58201,0.9725,0.07288
58213,0.97,0.07288
58224,0.9725,0.07287
58235,0.9725,0.07287
58246,0.9725,0.07286
58261,0.9625,0.07285
58274,0.9675,0.07285
58287,0.9675,0.07284
58298,0.9725,0.07283
58309,0.9725,0.07283
58320,0.9725,0.07282
58332,0.97,0.07282
58344,0.97,0.07281
58355,0.9725,0.07281
58368,0.9675,0.0728
58381,0.9675,0.07279
58395,0.965,0.07278
58408,0.9675,0.07278
58421,0.9675,0.07277
58432,0.9725,0.07277
58443,0.9725,0.07276
58454,0.9725,0.07275
58468,0.965,0.07275
58479,0.9725,0.07274
58497,0.955,0.07273
58510,0.9675,0.07273
58521,0.9725,0.07272
58535,0.965,0.07271
58548,0.9675,0.07271
58559,0.9725,0.0727
58573,0.965,0.07269
58585,0.97,0.07269
58596,0.9725,0.07268
58610,0.965,0.07268
58621,0.9725,0.07267
58632,0.9725,0.07266
58643,0.9725,0.07266
58654,0.9725,0.07265
58666,0.97,0.07265
58678,0.97,0.07264
58689,0.9725,0.07264
58701,0.97,0.07263
58712,0.9725,0.07262
58723,0.9725,0.07262
58738,0.9625,0.07261
58749,0.9725,0.07261
58761,0.97,0.0726
58772,0.9725,0.0726
58783,0.9725,0.07259
58794,0.9725,0.07258
58807,0.9675,0.07258
58819,0.97,0.07257
58832,0.9675,0.07257
58843,0.9725,0.07256
58855,0.97,0.07255
58868,0.9675,0.07255
58880,0.97,0.07254
58892,0.97,0.07254
58907,0.9625,0.07253
58920,0.9675,0.07252
58931,0.9725,0.07252
58942,0.9725,0.07251
58956,0.965,0.0725
58967,0.9725,0.0725
58979,0.97,0.07249
58990,0.9725,0.07249
59003,0.9675,0.07248
59015,0.97,0.07248
59027,0.97,0.07247
59038,0.9725,0.07246
59050,0.97,0.07246
59063,0.9675,0.07245
59075,0.97,0.07245
59086,0.9725,0.07244
59097,0.9725,0.07244
59108,0.9725,0.07243
59121,0.9675,0.07242
59133,0.97,0.07242
59144,0.9725,0.07241
59158,0.965,0.07241
59171,0.9675,0.0724
59184,0.9675,0.07239
59195,0.9725,0.07239
59207,0.97,0.07238
59218,0.9725,0.07238
59230,0.97,0.07237
59243,0.9675,0.07237
59257,0.965,0.07236
59270,0.9675,0.07235
59284,0.965,0.07235
59295,0.9725,0.07234
59308,0.9675,0.07234
59322,0.965,0.07233
59334,0.97,0.07232
59350,0.96,0.07232
59362,0.97,0.07231
59375,0.9675,0.0723
59386,0.9725,0.0723
59397,0.9725,0.07229
59409,0.97,0.07229
59420,0.9725,0.07228
59431,0.9725,0.07228
59442,0.9725,0.07227
59453,0.9725,0.07227
59464,0.9725,0.07226
59476,0.97,0.07226
59487,0.9725,0.07225
59498,0.9725,0.07225
59511,0.9675,0.07224
59523,0.97,0.07224
59534,0.9725,0.07223
59545,0.9725,0.07223
59558,0.9675,0.07222
59570,0.97,0.07221
59581,0.9725,0.07221
59593,0.97,0.0722
59606,0.9675,0.0722
59620,0.965,0.07219
59631,0.9725,0.07219
59642,0.9725,0.07218
59655,0.9675,0.07217
59667,0.97,0.07217
59678,0.9725,0.07216
59690,0.97,0.07216
59701,0.9725,0.07215
59712,0.9725,0.07215
59726,0.965,0.07214
59738,0.97,0.07214
59752,0.965,0.07213
59764,0.97,0.07212
59775,0.9725,0.07212
59786,0.9725,0.07211
59797,0.9725,0.07211
59811,0.965,0.0721
59824,0.9675,0.0721
59837,0.9675,0.07209
59848,0.9725,0.07209
59860,0.97,0.07208
59871,0.9725,0.07208
59882,0.9725,0.07207
59893,0.9725,0.07207
59904,0.9725,0.07206
59915,0.9725,0.07206
59926,0.9725,0.07205
59938,0.97,0.07205
59950,0.97,0.07204
59961,0.9725,0.07204
59973,0.97,0.07203
59984,0.9725,0.07203
59996,0.97,0.07202
