steps,extrinsic,intrinsic,loss,td_std
313,0.0,0.00352904,0.0029556,0.01931288
363,0.0,0.00352236,9.120000000000001e-05,0.00836064
413,0.0,0.00351944,6.392e-05,0.00726
463,0.0,0.00351804,6.228000000000001e-05,0.00700428
513,0.0,0.00351636,6.26e-05,0.00696
563,0.00024936,0.00351668,0.0001628,0.00877456
613,0.00058184,0.0035164,0.00026876,0.010944400000000002
663,0.0006234,0.00351736,0.00027296000000000004,0.01097252
713,0.00091432,0.0035193200000000003,0.00035388000000000005,0.01281808
763,0.00108056,0.0035218800000000002,0.00039571999999999996,0.014112200000000002
813,0.0009862,0.0034588,0.00033832,0.013796119999999999
863,0.00083512,0.00338884,0.00027116,0.013133879999999999
913,0.0009749600000000001,0.0033172400000000004,0.00027636,0.01318272
963,0.0010052799999999999,0.0032438799999999998,0.00022228,0.01223256
1013,0.0010091999999999998,0.0031705199999999996,0.00025916,0.01337412
1063,0.0009299999999999999,0.00316264,0.00026648,0.01375188
1113,0.0010322,0.0031621600000000002,0.00027239999999999995,0.01393912
1163,0.00111924,0.00316256,0.00027868,0.01428796
1213,0.00096816,0.0031638,0.00027232,0.014118920000000002
1263,0.00086988,0.0031654,0.0002074,0.01222736
1313,0.00107768,0.00316588,0.00021552,0.01250764
1363,0.00088112,0.00316732,0.00020264000000000002,0.01236988
1413,0.00072612,0.00316832,0.0002018,0.01244284
1463,0.00078284,0.0031699199999999997,0.00020548000000000002,0.0127586
1513,0.0008244,0.00312928,0.00021616,0.01328504
1563,0.00055596,0.00307968,0.00018128,0.012105000000000001
1613,0.0005975199999999999,0.0030280800000000003,0.00018695999999999999,0.012205
1663,0.0005407999999999999,0.0029766799999999998,0.0001874,0.01218784
1713,0.00041611999999999997,0.002924,0.00018864,0.01217888
1763,0.00045768,0.0029130000000000002,0.00017376000000000002,0.01163524
1813,0.00052564,0.0029124,0.0001652,0.01130916
1863,0.00045768,0.0029122399999999995,0.00015036000000000002,0.010781919999999999
1913,0.000488,0.0029128399999999994,0.00015428,0.01097476
1963,0.00046892,0.0029144,0.00015872,0.01111444
2013,0.00052972,0.0029144799999999997,0.00020556,0.012375
2063,0.0005792799999999999,0.0029149199999999997,0.0002288,0.01305112
2113,0.00070104,0.00291392,0.00026684,0.01387852
2163,0.000614,0.00291336,0.00025344,0.013461680000000002
2213,0.0006678,0.0028779199999999995,0.00030452,0.01472792
2263,0.0005543599999999999,0.00282876,0.0003144,0.015148800000000002
2313,0.0005463600000000001,0.00277748,0.00033420000000000005,0.01592972
2363,0.00052432,0.00272888,0.00036972,0.016979519999999998
2413,0.0008015600000000001,0.00267904,0.00042268,0.018320640000000003
2463,0.00085028,0.00266348,0.00040992000000000003,0.01802964
2513,0.0011378,0.00266368,0.00044563999999999997,0.01879656
2563,0.00110016,0.00266408,0.00046859999999999995,0.01943036
2613,0.00120288,0.0026636800000000003,0.00043164,0.018770200000000004
2663,0.00109596,0.0026630000000000004,0.00042108,0.0186792
2713,0.0011233200000000001,0.00266316,0.00040964,0.01832524
2763,0.00089204,0.0026617200000000002,0.00037316,0.017641999999999998
2813,0.0009376800000000001,0.00266184,0.0003806,0.01768484
2863,0.0007430399999999999,0.00266112,0.00040071999999999997,0.018198439999999996
2913,0.00065488,0.0026291599999999997,0.00040148,0.01828268
2963,0.0004946800000000001,0.00257636,0.00041215999999999996,0.018771200000000002
3013,0.0004764,0.00252636,0.00039632000000000003,0.0184208
3063,0.00049776,0.00247552,0.00036248000000000004,0.0176968
3113,0.0005316800000000001,0.00242536,0.00038396000000000003,0.018108320000000004
3163,0.0005514,0.002407,0.00039432,0.01827488
3213,0.00062784,0.00240908,0.00042732,0.01887932
3263,0.0006686,0.00240936,0.00045292,0.01938424
3313,0.0007488,0.00240976,0.00049404,0.0201768
3363,0.00078236,0.0024107599999999996,0.00046751999999999997,0.01953012
3413,0.0008548800000000001,0.0024113199999999998,0.0005249600000000001,0.020643920000000003
3463,0.0010962799999999998,0.0024117599999999998,0.0005289600000000001,0.02075204
3513,0.00129092,0.0024116399999999996,0.0005508,0.021173599999999997
3563,0.0012130799999999998,0.00241176,0.00057196,0.0217546
3613,0.00135372,0.00238424,0.00059832,0.02230752
3663,0.0012929200000000001,0.00233104,0.0005461999999999999,0.02122984
3713,0.001009,0.00227716,0.0005556799999999999,0.021323639999999998
3763,0.00074736,0.0022235199999999997,0.0005443599999999999,0.02117928
3813,0.00076584,0.00216916,0.0005503200000000001,0.02120004
3863,0.00066724,0.0021428,0.0005394800000000001,0.021189439999999997
3913,0.0006073999999999999,0.0021422,0.000531,0.021072959999999998
3963,0.00063132,0.002141,0.00048604000000000003,0.02019432
4013,0.00062676,0.00214088,0.00046304,0.01973356
4063,0.0007149599999999999,0.0021412,0.00044976000000000006,0.01956724
4113,0.0007904399999999999,0.0021404,0.0004902,0.020075680000000002
4163,0.00087652,0.0021383200000000004,0.0005193600000000001,0.02067284
4213,0.00086368,0.0021390000000000003,0.00052676,0.02082144
4263,0.00095544,0.00213792,0.00059468,0.02199156
4313,0.00085812,0.00211696,0.0006184399999999999,0.02245076
4363,0.0007643999999999999,0.0020650399999999998,0.00062744,0.022813
4413,0.00073064,0.00201464,0.0006485999999999999,0.023352240000000003
4463,0.0007301599999999999,0.00196312,0.00067964,0.02409112
4513,0.00068404,0.00191236,0.00064588,0.02358956
4563,0.00067184,0.00188188,0.00060312,0.022769920000000003
4613,0.000606,0.0018813599999999999,0.0005532,0.02180984
4663,0.00067368,0.0018806799999999998,0.00053644,0.02134424
4713,0.00061744,0.00188072,0.0005373999999999999,0.021386480000000003
4763,0.00057932,0.0018797999999999998,0.00055596,0.02169816
4813,0.00054948,0.00187808,0.0005560000000000001,0.02163604
4863,0.00062936,0.0018784,0.00056152,0.02170204
4913,0.00059512,0.0018786,0.0005696400000000001,0.02178408
4963,0.00071836,0.0018786,0.00058036,0.021885639999999998
5013,0.0006586799999999999,0.0018646799999999999,0.00059192,0.0220562
5063,0.0006713600000000001,0.00181836,0.00059848,0.02214908
5113,0.0005504,0.00177124,0.0006012799999999999,0.02228012
5163,0.00047168,0.00172372,0.0005895999999999999,0.02215244
5213,0.00041624,0.00167564,0.00053764,0.0212022
5263,0.00065852,0.00164284,0.0005692000000000001,0.0216092
5313,0.00082024,0.0016427199999999999,0.00057588,0.021743759999999997
5363,0.00119428,0.00164276,0.00060596,0.0221792
5413,0.00128392,0.0016432,0.0006045200000000001,0.022161080000000003
5463,0.0013948799999999998,0.0016434,0.00067216,0.023367919999999997
5513,0.0011976,0.0016428399999999998,0.00061464,0.02251804
5563,0.00121804,0.0016428800000000002,0.0006348,0.02296096
5613,0.0009626,0.0016422399999999999,0.0006395600000000001,0.023142600000000003
5663,0.00104936,0.00164204,0.0006589199999999999,0.023376519999999998
5713,0.00091624,0.00163384,0.0006245199999999999,0.02270908
5763,0.0009006000000000001,0.00159332,0.00060812,0.02240052
5813,0.00083504,0.00155284,0.0006118,0.022345080000000003
5863,0.00099376,0.00151224,0.0006150799999999999,0.022368159999999998
5913,0.00095516,0.00147068,0.0005966,0.02225164
5963,0.0011170800000000001,0.00143812,0.0006476,0.023028359999999998
6013,0.00128152,0.00143832,0.00070792,0.02403544
6063,0.0013464800000000002,0.00143864,0.000675,0.0234892
6113,0.0013515200000000002,0.0014392399999999998,0.000674,0.023453879999999996
6163,0.00138728,0.0014396,0.0006792,0.02355724
6213,0.00139608,0.00143996,0.00069688,0.02383396
6263,0.00143548,0.00143968,0.00064944,0.02306784
6313,0.00145364,0.0014395200000000001,0.00067548,0.02348816
6363,0.00122956,0.00143876,0.0006584,0.02318276
6413,0.00130792,0.00143564,0.00071752,0.02390972
6463,0.0014713200000000001,0.00140012,0.0007522,0.024211760000000002
6513,0.0014836399999999998,0.00136448,0.0007635999999999999,0.0244222
6563,0.001557,0.0013288800000000002,0.0007505999999999999,0.0241582
6613,0.00210472,0.00129424,0.0007746799999999999,0.024433999999999997
6663,0.0021696800000000002,0.0012618,0.0007625599999999999,0.02425596
6713,0.00199732,0.0012618,0.00066556,0.022945559999999997
6763,0.00205368,0.00126208,0.0006845600000000001,0.023224039999999998
6813,0.00209584,0.0012618,0.0007218,0.023905799999999998
6863,0.00201812,0.00126204,0.00072188,0.02385852
6913,0.00204624,0.0012634400000000002,0.00069716,0.023319879999999998
6963,0.00224872,0.0012631600000000002,0.00068868,0.023090600000000003
7013,0.0025034000000000002,0.00126312,0.0007093999999999999,0.02320248
7063,0.00240064,0.0012631600000000002,0.0006604000000000001,0.02233868
7113,0.0023132799999999996,0.0012619600000000001,0.00060852,0.02146424
7163,0.00255296,0.00123132,0.00060448,0.02136916
7213,0.00254948,0.00120144,0.00060284,0.02127404
7263,0.00234864,0.00117172,0.0005519200000000001,0.020372440000000002
7313,0.0025183999999999996,0.00114176,0.00056428,0.020349680000000002
7363,0.00280656,0.0011126399999999998,0.00062416,0.02139864
7413,0.00276764,0.00111352,0.0006297200000000001,0.02157128
7463,0.00296596,0.0011144400000000002,0.0006433999999999999,0.02176344
7513,0.00324648,0.00111472,0.0006856799999999999,0.022419159999999997
7563,0.00304204,0.0011149200000000001,0.0006712399999999999,0.0222124
7613,0.00316364,0.0011154000000000001,0.0006710399999999999,0.022152599999999998
7663,0.00314364,0.00111568,0.00066592,0.02216584
7713,0.0030405200000000005,0.00111448,0.00065732,0.022020880000000003
7763,0.0028640799999999998,0.00111464,0.0006127200000000001,0.02138788
7813,0.00308616,0.00111452,0.00062364,0.02150496
7863,0.0030928,0.00109092,0.00060332,0.021061840000000002
7913,0.003311,0.00106324,0.0005676800000000001,0.02032196
7963,0.0032636399999999995,0.0010368,0.0006117599999999999,0.02127908
8013,0.0033096,0.0010094799999999999,0.00063776,0.021618599999999998
8063,0.0037203600000000002,0.00098208,0.00067652,0.022155079999999997
8113,0.00368376,0.00097816,0.00063504,0.021483919999999997
8163,0.00342152,0.00097808,0.00068216,0.0221314
8213,0.004093479999999999,0.0009782,0.0006296400000000001,0.02115608
8263,0.004509160000000001,0.00097852,0.00067276,0.022108320000000004
8313,0.00459084,0.0009797599999999999,0.0007180000000000001,0.02288484
8363,0.00429108,0.00097984,0.00076372,0.02368736
8413,0.00457648,0.00097972,0.00076008,0.0237942
8463,0.0040531199999999995,0.0009798,0.00077352,0.02401236
8513,0.0043362800000000005,0.00097944,0.0008168,0.024432319999999997
8563,0.004437720000000001,0.00095912,0.0008450399999999999,0.02527236
8613,0.00535592,0.00093404,0.00092964,0.026441040000000002
8663,0.00523428,0.0009089600000000001,0.0009044400000000001,0.02610744
8713,0.00506328,0.0008835199999999999,0.00090628,0.02608404
8763,0.004801959999999999,0.0008588000000000001,0.0008642400000000001,0.0253484
8813,0.0044009999999999995,0.0008524799999999999,0.00070952,0.02252772
8863,0.00364132,0.000853,0.0006334000000000001,0.021788719999999998
8913,0.00354136,0.0008532399999999999,0.0006850399999999999,0.02233324
8963,0.00393296,0.0008533600000000001,0.0006996,0.022611799999999998
9013,0.00376212,0.00085432,0.00066228,0.0222138
9063,0.00403728,0.00085472,0.00072784,0.02334484
9113,0.004181720000000001,0.0008546000000000001,0.0007216799999999999,0.02289096
9163,0.00484376,0.00085464,0.0007093199999999999,0.02305472
9213,0.0045234,0.0008546000000000001,0.00069364,0.02295896
9263,0.0045678,0.00083748,0.00065956,0.0224734
9313,0.00499432,0.0008147600000000001,0.000616,0.021899440000000003
9363,0.0048304,0.000792,0.0005858399999999999,0.021549280000000004
9413,0.004762560000000001,0.0007685999999999999,0.0005319200000000001,0.02061928
9463,0.004813199999999999,0.00074492,0.00056484,0.021280160000000003
9513,0.00494476,0.00073748,0.00058792,0.02187896
9563,0.004153120000000001,0.0007379199999999999,0.00062188,0.02241396
9613,0.0043546800000000005,0.0007366,0.0006549600000000001,0.02286796
9663,0.0045596,0.0007366400000000001,0.00067632,0.02329656
9713,0.004859,0.0007369599999999999,0.0006454,0.02263668
9763,0.005012399999999999,0.0007371999999999999,0.0007355199999999999,0.02372012
9813,0.005901760000000001,0.00073716,0.00078532,0.02450332
9863,0.0058933200000000005,0.00073828,0.00076772,0.024468919999999998
9913,0.00534616,0.0007378399999999999,0.0007795599999999999,0.024525280000000003
9963,0.005606320000000001,0.00072528,0.0008008,0.0248688
10013,0.00653852,0.00070524,0.0007986000000000001,0.02455536
10063,0.006094319999999999,0.0006839600000000001,0.00072868,0.023573040000000003
10113,0.006474199999999999,0.00066172,0.00073704,0.023505520000000002
10163,0.00644084,0.00064208,0.0007476000000000001,0.02339472
10213,0.00669224,0.00063492,0.0007127600000000001,0.02287088
10263,0.00590156,0.00063444,0.00067512,0.0223808
10313,0.00637088,0.0006346,0.0006916,0.02242916
10363,0.0062334800000000004,0.00063544,0.0006642,0.022254200000000002
10413,0.0066596,0.0006356400000000001,0.00063524,0.02219632
10463,0.00684428,0.0006354,0.00069372,0.02310512
10513,0.0065873600000000004,0.0006347200000000001,0.0007485199999999999,0.023870640000000002
10563,0.0066930800000000006,0.000634,0.0008799599999999999,0.02579256
10613,0.00751964,0.00063408,0.0009183599999999999,0.026296319999999998
10663,0.007659760000000001,0.0006234,0.0010157200000000001,0.02758344
10713,0.00714888,0.00060436,0.0010096399999999998,0.02754864
10763,0.00813492,0.000587,0.00094416,0.026963839999999996
10813,0.00823488,0.00056856,0.00082532,0.02549532
10863,0.00770012,0.00055096,0.0008198,0.025176
10913,0.00756268,0.00054224,0.0007670400000000001,0.024338000000000002
10963,0.0076878,0.0005424399999999999,0.0008035200000000001,0.024718920000000002
11013,0.00708024,0.0005426,0.0007806800000000001,0.0246584
11063,0.00717456,0.00054416,0.00081332,0.0250804
11113,0.00712876,0.00054376,0.0008262400000000001,0.02552616
11163,0.00774896,0.0005428799999999999,0.00079116,0.0253368
11213,0.00805428,0.00054244,0.0007412,0.024607880000000002
11263,0.008402759999999999,0.0005408400000000001,0.0008094,0.02511912
11313,0.00828092,0.0005409599999999999,0.00078032,0.02481164
11363,0.00917788,0.0005346,0.0008098799999999999,0.025130959999999997
11413,0.00894852,0.00052172,0.00079428,0.02493872
11463,0.00904788,0.00050908,0.00088312,0.025992480000000002
11513,0.00903584,0.0004961599999999999,0.0008094,0.025087799999999997
11563,0.00881444,0.00048268,0.0008175200000000001,0.025084640000000002
11613,0.008525720000000002,0.00047548,0.00077216,0.02447168
11663,0.009346759999999999,0.00047572,0.0008014,0.024617879999999998
11713,0.00966216,0.0004748,0.00071756,0.023490479999999998
11763,0.008891880000000001,0.00047500000000000005,0.0007502,0.0236766
11813,0.009349880000000001,0.00047384000000000006,0.0007488799999999999,0.023532920000000002
11863,0.009051879999999998,0.00047295999999999997,0.00086,0.024613160000000002
11913,0.0089206,0.00047252,0.00093304,0.025659879999999996
11963,0.00889968,0.00047272,0.0009766,0.026134440000000002
12013,0.00963412,0.00047208,0.0008964000000000001,0.0252836
12063,0.009626319999999999,0.00046904,0.0008926,0.02516904
12113,0.00979232,0.00045916,0.0007508399999999999,0.02343372
12163,0.0094296,0.00044963999999999996,0.0006484,0.02203368
12213,0.0098344,0.0004396,0.00057596,0.02141204
12263,0.01014696,0.00043035999999999997,0.0005998,0.02166168
12313,0.010180759999999999,0.00042343999999999997,0.00060176,0.02154908
12363,0.01031584,0.00042444,0.0006633600000000001,0.022474599999999997
12413,0.01014144,0.00042476000000000005,0.0006524399999999999,0.02218832
12463,0.009542639999999998,0.00042496,0.000691,0.022368839999999997
12513,0.010143919999999999,0.0004254,0.0007753199999999999,0.023171240000000003
12563,0.01013856,0.00042520000000000004,0.00077132,0.02331852
12613,0.00992204,0.00042508,0.0007675199999999999,0.02313156
12663,0.009527879999999999,0.00042503999999999996,0.00081428,0.02371088
12713,0.0095972,0.00042528,0.0007898800000000001,0.023402080000000002
12763,0.00997856,0.00042352,0.00074336,0.02313476
12813,0.00995452,0.00041663999999999997,0.00074564,0.02310128
12863,0.010573840000000001,0.00040896,0.00069852,0.022526
12913,0.011824520000000002,0.00040096000000000006,0.00064576,0.021883800000000002
12963,0.012549759999999998,0.00039288,0.00064196,0.021679359999999998
13013,0.011535400000000001,0.00038684,0.0006126400000000001,0.0210514
13063,0.01200848,0.0003864,0.00064352,0.021330280000000004
13113,0.01242648,0.00038632000000000006,0.0006297599999999999,0.020967480000000004
13163,0.01315716,0.00038656000000000004,0.0006302800000000001,0.02073668
13213,0.012265680000000001,0.00038740000000000004,0.00055292,0.0196876
13263,0.01263888,0.00038704,0.00059308,0.020277119999999996
13313,0.0125968,0.0003876,0.00059152,0.01996216
13363,0.01167032,0.00038763999999999997,0.00060636,0.02021264
13413,0.01088692,0.00038755999999999996,0.00064432,0.020827480000000002
13463,0.01161888,0.00038664000000000005,0.00078968,0.02265032
13513,0.01234984,0.00037956000000000003,0.0007008,0.021393880000000004
13563,0.01239076,0.00037256,0.00060504,0.020261119999999997
13613,0.01331404,0.00036528,0.0006211999999999999,0.020287519999999996
13663,0.013097760000000002,0.00035804,0.00058048,0.01965948
13713,0.013166680000000002,0.0003518,0.0004624,0.0184286
13763,0.013236,0.00035208,0.0004886,0.01875472
13813,0.013702,0.0003522,0.000505,0.01883164
13863,0.013391800000000002,0.00035224000000000003,0.00045216,0.01812528
13913,0.013499599999999999,0.00035212,0.00047364,0.01821984
13963,0.01335888,0.00035156,0.00054092,0.01872612
14013,0.013339080000000001,0.00035112000000000007,0.00060528,0.019784959999999997
14063,0.01395776,0.00035096000000000004,0.00060424,0.01999496
14113,0.01392856,0.00035096,0.0006324799999999999,0.02041028
14163,0.01408076,0.00035124000000000006,0.0005655600000000001,0.01948556
14213,0.014512240000000001,0.00034407999999999997,0.00053052,0.01883088
14263,0.013883759999999998,0.00033704,0.00042764,0.017089560000000004
14313,0.012686399999999999,0.00032952,0.00047776000000000003,0.0177012
14363,0.01344972,0.00032232,0.00045776,0.01744436
14413,0.01320148,0.00031468,0.00053456,0.01846732
14463,0.01327416,0.0003144,0.0005396800000000001,0.0187778
14513,0.01355176,0.00031435999999999996,0.0005654799999999999,0.01908708
14563,0.0139824,0.0003146,0.00055968,0.01862612
14613,0.01364836,0.00031456,0.00066816,0.020138560000000003
14663,0.01403984,0.00031472,0.0006915599999999999,0.02051792
14713,0.01465584,0.00031528000000000003,0.00067172,0.020320320000000003
14763,0.014254520000000001,0.00031552,0.00065788,0.020139039999999997
14813,0.014544360000000001,0.0003152,0.00062612,0.020044760000000002
14863,0.01425552,0.00031532,0.00050384,0.01817444
14913,0.01474336,0.00030832,0.00049872,0.018355
14963,0.01414436,0.00030036,0.00048712,0.01825576
15013,0.01378856,0.00029244000000000004,0.0005310400000000001,0.018650120000000003
15063,0.013202199999999999,0.00028471999999999997,0.000515,0.01812704
15113,0.0140504,0.0002774,0.00054232,0.018465
15163,0.01469464,0.00027744,0.00047136,0.01714948
15213,0.01512844,0.00027712,0.0004656,0.016964
15263,0.01632728,0.00027728,0.0004512,0.016604000000000004
15313,0.01635088,0.00027768,0.00051408,0.01738088
15363,0.01579424,0.00027719999999999996,0.00049896,0.017328120000000002
15413,0.01448908,0.00027684,0.0005248399999999999,0.017601999999999996
15463,0.01403184,0.00027736,0.0005762,0.01784756
15513,0.01336236,0.00027759999999999997,0.0005783199999999999,0.0183478
15563,0.01362988,0.00027728000000000003,0.0005209199999999999,0.01780692
15613,0.01407608,0.00027144,0.0005257199999999999,0.017587879999999997
15663,0.01495832,0.00026388000000000003,0.00052628,0.017657520000000003
15713,0.015000639999999999,0.0002564,0.00055984,0.018214360000000002
15763,0.01574692,0.00024872,0.00058568,0.018163719999999998
15813,0.01563316,0.00024132,0.0005876799999999999,0.018226239999999998
15863,0.015532840000000001,0.00023972,0.0005914399999999999,0.018244720000000002
15913,0.0155508,0.0002398,0.00068284,0.01941676
15963,0.0156892,0.00023984,0.000643,0.019050519999999998
16013,0.01592716,0.00024008000000000002,0.00060096,0.0186044
16063,0.01694276,0.00024004,0.00053896,0.01737348
16113,0.01652612,0.0002398,0.00055348,0.01762988
16163,0.0165322,0.00023988000000000001,0.00043559999999999996,0.01618696
16213,0.01681308,0.00023992,0.00037892,0.01534996
16263,0.01656032,0.00023984,0.00043307999999999997,0.01592648
16313,0.01670184,0.00023500000000000002,0.00047664,0.016723079999999998
16363,0.017152880000000002,0.00022872000000000002,0.00043868,0.01619128
16413,0.01697784,0.0002216,0.00047824,0.016621359999999998
16463,0.016701040000000004,0.00021480000000000002,0.00050764,0.0168802
16513,0.016228839999999998,0.00020788000000000002,0.00043388,0.0159176
16563,0.0153326,0.00020628,0.0004946,0.01651816
16613,0.01544648,0.00020596,0.0005366799999999999,0.0170706
16663,0.01608924,0.00020644,0.0005308800000000001,0.01676592
16713,0.01632464,0.00020656,0.0005209199999999999,0.01703668
16763,0.017327920000000004,0.00020648,0.0005334,0.0174146
16813,0.017974800000000003,0.00020636000000000002,0.00046988,0.01683972
16863,0.0183976,0.00020644,0.00054072,0.017753680000000004
16913,0.018110479999999998,0.00020592,0.0005707599999999999,0.01825844
16963,0.01864932,0.00020568000000000002,0.0005706400000000001,0.017870840000000002
17013,0.01857132,0.00020204000000000004,0.00063436,0.01892604
17063,0.0191008,0.00019608,0.0006866,0.01969836
17113,0.01869368,0.00018984,0.00061344,0.018753
17163,0.0185094,0.00018376000000000002,0.0005913200000000001,0.01844792
17213,0.0185406,0.00017772000000000003,0.00053736,0.017767520000000002
17263,0.01790604,0.00017552,0.00049832,0.01673452
17313,0.01787096,0.00017532,0.00048408,0.01685768
17363,0.018081,0.00017552,0.0005565600000000001,0.017960479999999997
17413,0.018706120000000003,0.00017580000000000002,0.00052196,0.017739599999999998
17463,0.018734559999999997,0.00017591999999999998,0.000626,0.01939448
17513,0.019426599999999995,0.00017596000000000002,0.00063244,0.01970488
17563,0.01908216,0.00017584000000000002,0.00058584,0.01857296
17613,0.01899644,0.00017552,0.0004796,0.017170960000000002
17663,0.01875764,0.00017532,0.00047448,0.017036560000000003
17713,0.01990752,0.00017268000000000003,0.00053708,0.017476560000000002
17763,0.02063276,0.00016756,0.0005072,0.016989
17813,0.021229239999999996,0.00016256,0.00054072,0.01738964
17863,0.02127796,0.00015776,0.0006232799999999999,0.01820664
17913,0.0211784,0.0001532,0.0006594400000000001,0.018792919999999998
17963,0.02009572,0.00015055999999999997,0.00049232,0.016843519999999997
18013,0.01963768,0.00015031999999999998,0.0004662,0.0164434
18063,0.0198896,0.00015044,0.00047295999999999997,0.01651576
18113,0.02000796,0.00015059999999999997,0.00042028,0.01582464
18163,0.01938692,0.00015044,0.0003842,0.01508948
18213,0.02017696,0.00015036,0.00045400000000000003,0.01596752
18263,0.01971164,0.00015039999999999997,0.0005046,0.01670516
18313,0.01874892,0.00015028,0.0005046400000000001,0.016650840000000004
18363,0.01835496,0.00015015999999999999,0.00054796,0.016969480000000002
18413,0.01867744,0.00014836,0.0005725200000000001,0.017283919999999998
18463,0.018829159999999998,0.00014476,0.0005106,0.0162048
18513,0.01993848,0.00014096,0.0005615599999999999,0.01693816
18563,0.019955920000000002,0.00013712,0.00054552,0.01676932
18613,0.0208946,0.00013327999999999997,0.0004752,0.01623244
18663,0.02131484,0.00013107999999999997,0.00042427999999999997,0.01545392
18713,0.0198534,0.00013087999999999997,0.00045724000000000003,0.01596888
18763,0.01968748,0.00013088,0.00043564,0.01532
18813,0.02125488,0.00013063999999999998,0.00042644000000000004,0.015359200000000002
18863,0.021755840000000002,0.00013052,0.0004012,0.0149522
18913,0.02161608,0.0001306,0.00043596,0.01540188
18963,0.022888279999999997,0.00013064,0.00038723999999999996,0.01476216
19013,0.02302684,0.00013068,0.00032031999999999997,0.014131679999999999
19063,0.022875639999999996,0.00013084,0.00032508,0.01401708
19113,0.022653039999999996,0.00013016,0.00030772,0.0139636
19163,0.023361879999999998,0.00012743999999999999,0.00035984,0.014933440000000001
19213,0.02350744,0.00012471999999999998,0.00042484,0.015970520000000002
19263,0.02239476,0.00012192,0.00045808000000000003,0.01630188
19313,0.021116600000000003,0.00011907999999999999,0.00047683999999999997,0.01647324
19363,0.02023256,0.00011708,0.00052696,0.016896
19413,0.02028944,0.0001172,0.0005052,0.01671332
19463,0.01976604,0.00011748000000000001,0.0005751199999999999,0.0176576
19513,0.019856159999999998,0.00011744,0.0005215200000000001,0.01704704
19563,0.02009232,0.00011764,0.0005246000000000001,0.01718544
19613,0.021159960000000002,0.00011764,0.0005135999999999999,0.01710352
19663,0.02159664,0.00011716,0.0005078,0.01646796
19713,0.022098399999999997,0.00011680000000000002,0.00051388,0.01646864
19763,0.0234396,0.00011704,0.0005207599999999999,0.017026879999999998
19813,0.024921239999999997,0.00011684,0.00057628,0.01775716
19863,0.02481788,0.00011483999999999999,0.0006117599999999999,0.0182698
19913,0.0243216,0.00011292000000000001,0.0006313199999999999,0.018965520000000003
19963,0.02483504,0.00011083999999999999,0.00049384,0.01707636
20013,0.024677440000000002,0.00010844000000000001,0.00050524,0.01683192
20063,0.0231232,0.00010648000000000001,0.00041972,0.0156818
20113,0.02233848,0.00010628000000000002,0.00043884,0.01578288
20163,0.02203348,0.0001062,0.00041008,0.0154012
20213,0.021610320000000002,0.00010616,0.00044672,0.01595492
20263,0.02133224,0.00010624,0.00043552,0.01568228
20313,0.022931640000000003,0.00010648000000000001,0.00044556,0.01581232
20363,0.02412124,0.00010635999999999999,0.00036156,0.01490104
20413,0.025157679999999998,0.00010676,0.00033600000000000004,0.01440368
20463,0.02445824,0.00010708000000000001,0.00033204,0.01405016
20513,0.02531224,0.00010696,0.00046452,0.01564484
20563,0.024323159999999996,0.00010504000000000001,0.00044116,0.01539108
20613,0.02431588,0.00010376000000000001,0.00051684,0.01635848
20663,0.024383759999999997,0.00010212,0.0005268400000000001,0.016544680000000003
20713,0.0255716,0.00010012,0.00052664,0.016811400000000004
20763,0.02598244,9.852000000000001e-05,0.00040412000000000005,0.01536676
20813,0.026709880000000002,9.832000000000001e-05,0.000377,0.014897039999999999
20863,0.02686996,9.78e-05,0.00039732,0.014807240000000001
20913,0.02542608,9.732000000000001e-05,0.0004178,0.0147216
20963,0.025776719999999996,9.740000000000001e-05,0.00045935999999999997,0.01521224
21013,0.024679279999999998,9.704e-05,0.00046083999999999996,0.01511848
21063,0.0251564,9.711999999999999e-05,0.000506,0.01576612
21113,0.024730000000000002,9.748e-05,0.00045932,0.015054960000000001
21163,0.02536564,9.768e-05,0.00047356000000000004,0.015065
21213,0.02483656,9.779999999999999e-05,0.00045716,0.01484388
21263,0.024729280000000003,9.66e-05,0.00042908000000000003,0.01447136
21313,0.022467840000000003,9.500000000000002e-05,0.00040352,0.01395168
21363,0.0222002,9.328000000000001e-05,0.00039104,0.0137936
21413,0.022646439999999997,9.168000000000002e-05,0.00039956,0.01418916
21463,0.02268636,9e-05,0.000352,0.01361632
21513,0.023754079999999997,9.004000000000001e-05,0.00040012,0.01436936
21563,0.0252616,9.012000000000001e-05,0.00039168000000000004,0.01446728
21613,0.026003440000000003,9.02e-05,0.00041464000000000003,0.0151756
21663,0.0262028,8.996e-05,0.0003826,0.01481056
21713,0.02659304,8.972e-05,0.00039372,0.01474
21763,0.02603804,8.964e-05,0.00043652,0.01531728
21813,0.02588476,8.964e-05,0.00045104,0.015577319999999999
21863,0.02635124,8.94e-05,0.00040764,0.01508568
21913,0.02647876,8.944000000000001e-05,0.00039488,0.0150656
21963,0.026785879999999998,8.792e-05,0.00048820000000000005,0.01639152
22013,0.026867040000000002,8.596000000000001e-05,0.00044596,0.01578484
22063,0.027152440000000003,8.408000000000002e-05,0.00043472,0.015480400000000002
22113,0.02562988,8.236e-05,0.0005380800000000001,0.01649656
22163,0.0255326,8.056e-05,0.0006228,0.01792264
22213,0.024888760000000003,8.040000000000002e-05,0.00052604,0.016940840000000002
22263,0.024650039999999998,8.052000000000001e-05,0.00048112,0.016421039999999998
22313,0.024665799999999998,8.052000000000001e-05,0.00047968,0.016440359999999998
22363,0.02645432,8.048000000000002e-05,0.00036872,0.01521392
22413,0.02646136,8.052000000000001e-05,0.00030568,0.01405636
22463,0.02609152,8.044e-05,0.00033227999999999996,0.014791360000000002
22513,0.0264432,8.036e-05,0.00035672000000000004,0.01536796
22563,0.02658616,8.032e-05,0.00034068,0.01525288
22613,0.026605519999999997,8.028000000000001e-05,0.00034932,0.015362319999999999
22663,0.0267036,7.864e-05,0.00030916,0.01476796
22713,0.02688516,7.676e-05,0.00040028000000000004,0.015292
22763,0.02654988,7.492e-05,0.00040275999999999995,0.01552456
22813,0.0262724,7.311999999999999e-05,0.00042592000000000004,0.01585924
22863,0.0245158,7.124e-05,0.00045708,0.016184920000000002
22913,0.024486920000000002,7.088e-05,0.0004234,0.01563944
22963,0.02547136,7.083999999999999e-05,0.00031588,0.014287919999999999
23013,0.02518772,7.072e-05,0.00027408000000000006,0.0132018
23063,0.02732712,7.048e-05,0.00036248000000000004,0.014782759999999999
23113,0.027963079999999998,7.06e-05,0.00040192,0.0153598
23163,0.02759528,7.06e-05,0.0004456,0.0161012
23213,0.026216720000000002,7.056e-05,0.00042032,0.01579072
23263,0.0267428,7.079999999999999e-05,0.00048803999999999997,0.016738120000000002
23313,0.02534256,7.104e-05,0.0003782,0.01479872
23363,0.025217560000000003,6.947999999999999e-05,0.00038992000000000003,0.015229240000000002
23413,0.02498892,6.764e-05,0.00043596,0.01566028
23463,0.0247056,6.583999999999999e-05,0.00048956,0.01629016
23513,0.02493592,6.388e-05,0.00048828000000000006,0.016224239999999997
23563,0.02482092,6.196e-05,0.00049932,0.01631368
23613,0.02504816,6.175999999999999e-05,0.00039971999999999995,0.01454504
23663,0.025853559999999998,6.172e-05,0.00036428,0.014321679999999998
23713,0.02705004,6.167999999999999e-05,0.00030612,0.013607999999999999
23763,0.02760548,6.16e-05,0.00035091999999999995,0.014280319999999999
23813,0.02674612,6.156e-05,0.00041240000000000005,0.01481716
23863,0.02715492,6.132e-05,0.00048032,0.01592588
23913,0.02718444,6.136000000000001e-05,0.00046008,0.0152706
23963,0.027012039999999998,6.136e-05,0.00061536,0.0170152
24013,0.025332280000000002,6.14e-05,0.00050864,0.01567232
24063,0.02632724,6.044e-05,0.00053292,0.01580808
24113,0.02626876,5.908000000000001e-05,0.000531,0.01546716
24163,0.02562424,5.764e-05,0.00058532,0.016317359999999996
24213,0.02610084,5.6040000000000006e-05,0.00042444000000000005,0.01430744
24263,0.02767036,5.452e-05,0.00046996,0.0147674
24313,0.02736768,5.396e-05,0.00037911999999999993,0.013918239999999998
24363,0.0269428,5.38e-05,0.00033511999999999995,0.01331756
24413,0.02762904,5.372e-05,0.00027400000000000005,0.012524799999999999
24463,0.027195639999999997,5.4e-05,0.00037072,0.01368192
24513,0.02601384,5.4040000000000004e-05,0.00035620000000000004,0.01317404
24563,0.026408960000000002,5.396e-05,0.000398,0.0139168
24613,0.02607348,5.396e-05,0.00038152000000000005,0.01407312
24663,0.026611439999999997,5.372e-05,0.00049604,0.01560712
24713,0.027622880000000002,5.344e-05,0.0004188,0.01477992
24763,0.028784119999999996,5.2720000000000003e-05,0.00048328,0.01592064
24813,0.029202119999999998,5.176e-05,0.00043284,0.015051640000000002
24863,0.02978072,5.076e-05,0.00043776,0.01505596
24913,0.02952192,4.9919999999999996e-05,0.00033632,0.01386396
24963,0.0284646,4.9040000000000005e-05,0.00037144,0.014312440000000001
25013,0.028572360000000005,4.8559999999999996e-05,0.00036712,0.014226599999999999
25063,0.02847428,4.8440000000000004e-05,0.00036796,0.014266359999999999
25113,0.02847324,4.8480000000000003e-05,0.00042556,0.01454352
25163,0.02885736,4.8440000000000004e-05,0.0005174,0.01584364
25213,0.02934792,4.836e-05,0.0006112,0.01736344
25263,0.02887364,4.8440000000000004e-05,0.00056676,0.01658512
25313,0.0285184,4.8559999999999996e-05,0.0006513599999999999,0.01744976
25363,0.02929072,4.8480000000000003e-05,0.0006012799999999999,0.017027439999999998
25413,0.028595040000000002,4.8400000000000004e-05,0.0004996,0.01512964
25463,0.0286828,4.7879999999999996e-05,0.00040087999999999994,0.013781080000000001
25513,0.02827584,4.6200000000000005e-05,0.00041272000000000005,0.014112880000000001
25563,0.028076840000000002,4.460000000000001e-05,0.00034508,0.01350008
25613,0.02814412,4.3e-05,0.00032692,0.013218760000000001
25663,0.02815928,4.152e-05,0.00029216,0.01284764
25713,0.0273476,4.0440000000000006e-05,0.0003198,0.01261852
25763,0.02817404,4.0440000000000006e-05,0.00030063999999999997,0.01258992
25813,0.028585799999999998,4.04e-05,0.0003304,0.01300632
25863,0.02801588,4.0520000000000005e-05,0.00035747999999999997,0.01355904
25913,0.027809280000000002,4.052e-05,0.00035303999999999994,0.01337784
25963,0.028344519999999998,4.0640000000000004e-05,0.00032732,0.01319956
26013,0.02772792,4.08e-05,0.00028304000000000003,0.0123848
26063,0.02778676,4.076e-05,0.00026727999999999995,0.01214812
26113,0.028370239999999998,4.0680000000000004e-05,0.00022872000000000002,0.01158752
26163,0.029144959999999998,4.028e-05,0.00026499999999999994,0.01219308
26213,0.029993,3.936000000000001e-05,0.00023016,0.01181032
26263,0.03037548,3.86e-05,0.00025783999999999996,0.011898440000000001
26313,0.03072748,3.788e-05,0.00021232,0.01095716
26363,0.029559560000000002,3.7040000000000005e-05,0.00021084000000000003,0.011069559999999999
26413,0.03014584,3.676e-05,0.00025991999999999996,0.01183252
26463,0.0297016,3.6880000000000006e-05,0.00027776,0.0120952
26513,0.029627679999999997,3.684e-05,0.00029064,0.01231748
26563,0.0299266,3.696e-05,0.00033036000000000003,0.01287876
26613,0.03049984,3.68e-05,0.00033264000000000004,0.01254104
26663,0.029195320000000004,3.6840000000000006e-05,0.00032164000000000004,0.012550480000000001
26713,0.027839879999999997,3.712e-05,0.00037488000000000007,0.01345308
26763,0.02770028,3.7040000000000005e-05,0.00033208,0.013098799999999999
26813,0.026597000000000003,3.676000000000001e-05,0.00033215999999999996,0.01329844
26863,0.027954800000000002,3.6840000000000006e-05,0.00046764,0.01518196
26913,0.027775119999999997,3.5680000000000004e-05,0.00043816,0.014606200000000001
26963,0.028854960000000002,3.4120000000000005e-05,0.00037628,0.01388024
27013,0.02944668,3.2800000000000004e-05,0.00037584,0.0139108
27063,0.028945679999999998,3.172e-05,0.00039484000000000003,0.01412072
27113,0.02820168,3.064e-05,0.00024128000000000002,0.01204728
27163,0.03001732,3.056e-05,0.00020236,0.011476479999999999
27213,0.03083576,3.076e-05,0.00024988,0.01182312
27263,0.03025256,3.08e-05,0.00033212000000000004,0.01302148
27313,0.030458279999999997,3.0720000000000004e-05,0.00027736,0.012269
27363,0.03011576,3.0760000000000004e-05,0.0003766,0.01366368
27413,0.02968776,3.0680000000000004e-05,0.00040116,0.01416376
27463,0.02907244,3.048e-05,0.00047576000000000004,0.01485852
27513,0.030022399999999998,3.0440000000000003e-05,0.00042248,0.01382432
27563,0.03119888,3.052e-05,0.00052516,0.01528716
27613,0.03183856,3.012e-05,0.00044388,0.014315759999999999
27663,0.0317532,2.9880000000000002e-05,0.0004196,0.013921039999999999
27713,0.03111408,2.96e-05,0.00028344,0.012289479999999998
27763,0.03189584,2.9559999999999998e-05,0.0003362,0.013236000000000001
27813,0.03185048,2.932e-05,0.00025748,0.01226652
27863,0.0317234,2.94e-05,0.00032936,0.01315728
27913,0.030589199999999997,2.94e-05,0.00037296,0.013883560000000001
27963,0.03187768,2.936e-05,0.00039188,0.01415384
28013,0.03086716,2.928e-05,0.00030364000000000004,0.01272768
28063,0.030429480000000002,2.9280000000000004e-05,0.00027496000000000004,0.011998439999999999
28113,0.03047204,2.928e-05,0.00019376,0.010919680000000001
28163,0.03058988,2.928e-05,0.00020568,0.011042119999999999
28213,0.030496839999999997,2.936e-05,0.00022771999999999997,0.01148696
28263,0.031950479999999996,2.944e-05,0.00033172,0.01291028
28313,0.032577800000000004,2.868e-05,0.00034544,0.013282200000000001
28363,0.033727799999999995,2.788e-05,0.00038896000000000004,0.01356408
28413,0.03471256,2.712e-05,0.00035500000000000006,0.013041800000000001
28463,0.03495228,2.612e-05,0.00030308,0.0123032
28513,0.0328944,2.5480000000000003e-05,0.00025028,0.01182672
28563,0.03362676,2.556e-05,0.00026756,0.012213159999999999
28613,0.033346600000000004,2.5600000000000002e-05,0.00024424,0.012161799999999999
28663,0.033390680000000006,2.536e-05,0.00023544,0.0119468
28713,0.03203544,2.5440000000000004e-05,0.00030608,0.01280884
28763,0.03282804,2.504e-05,0.00028408,0.012442719999999999
28813,0.031102440000000002,2.4920000000000002e-05,0.00028304000000000003,0.01250876
28863,0.03025268,2.488e-05,0.00029792,0.012580280000000001
28913,0.02976212,2.5160000000000003e-05,0.00029312,0.01254128
28963,0.03011072,2.5280000000000002e-05,0.00021896,0.01155612
29013,0.03015272,2.4840000000000006e-05,0.00021351999999999998,0.01118232
29063,0.03134356,2.4040000000000004e-05,0.00023104,0.011259680000000001
29113,0.03171976,2.328e-05,0.00020972000000000002,0.01132812
29163,0.031721440000000004,2.256e-05,0.00026248,0.0120006
29213,0.03213396,2.204e-05,0.00028108,0.0122984
29263,0.03095552,2.196e-05,0.00025716,0.01200056
29313,0.030192519999999997,2.2080000000000002e-05,0.00024192000000000001,0.011589279999999999
29363,0.030863799999999997,2.2400000000000002e-05,0.00023696,0.01132632
29413,0.03142324,2.2480000000000005e-05,0.00025124,0.01161248
29463,0.0318586,2.2400000000000002e-05,0.00030196,0.01238024
29513,0.033563880000000004,2.2440000000000002e-05,0.00031228,0.012693439999999999
29563,0.03377135999999999,2.2519999999999998e-05,0.00028799999999999995,0.01231124
29613,0.03334384,2.208e-05,0.00029048,0.01217944
29663,0.03280128,2.196e-05,0.0002646,0.011701000000000001
29713,0.03280632,2.16e-05,0.00022187999999999998,0.01158616
29763,0.03188416,2.1360000000000002e-05,0.00021052,0.011361280000000001
29813,0.03268852,2.1000000000000006e-05,0.00020804,0.01152916
29863,0.0326286,2.1000000000000002e-05,0.00026527999999999995,0.012599840000000001
29913,0.03250228,2.076e-05,0.00024796000000000003,0.01239504
29963,0.032117200000000005,2.084e-05,0.00026796000000000003,0.0122702
30013,0.032382680000000004,2.0800000000000004e-05,0.00030972,0.013379160000000001
30063,0.03181648,2.084e-05,0.00030903999999999995,0.01332432
30113,0.031613560000000006,2.0920000000000003e-05,0.00028476,0.01293128
30163,0.03119452,2.108e-05,0.00029064,0.0131354
30213,0.03093516,2.1000000000000002e-05,0.00028555999999999997,0.012823
30263,0.0306018,2.104e-05,0.00025808000000000005,0.011932159999999999
30313,0.03097036,2.12e-05,0.00034076,0.013067919999999998
30363,0.03088572,2.104e-05,0.0004002,0.01346488
30413,0.03147336,2.0760000000000005e-05,0.00041804,0.013422519999999999
30463,0.03151452,2.076e-05,0.00046120000000000004,0.01412324
30513,0.03229799999999999,2.0600000000000003e-05,0.00048984,0.0146044
30563,0.032050840000000004,2.036e-05,0.00051296,0.01465784
30613,0.03228268,2.0280000000000002e-05,0.0005217199999999999,0.0151118
30663,0.03330088,2.0320000000000002e-05,0.00055484,0.015572840000000001
30713,0.03272424,2.0280000000000002e-05,0.0005234,0.01506308
30763,0.033263400000000005,2.0320000000000002e-05,0.00048984,0.01459544
30813,0.03281828,2.028e-05,0.00040088,0.01374292
30863,0.032434239999999996,2.0359999999999998e-05,0.0003156,0.01238604
30913,0.030988639999999998,2.028e-05,0.00023004,0.01155608
30963,0.03065412,2.0240000000000003e-05,0.00017144,0.01070512
31013,0.02937908,2.0240000000000003e-05,0.00022475999999999998,0.011192319999999999
31063,0.02974976,2.0320000000000002e-05,0.00022184,0.011218120000000002
31113,0.02848384,2.0280000000000002e-05,0.00022403999999999998,0.01112908
31163,0.028378040000000004,2.0280000000000002e-05,0.0003144,0.012026440000000001
31213,0.03010192,2.0240000000000003e-05,0.000358,0.01297036
31263,0.02999024,2.016e-05,0.00031895999999999997,0.012730599999999998
31313,0.030403839999999998,2.004e-05,0.00036876,0.01322968
31363,0.03131212,2e-05,0.00033136,0.01296696
31413,0.03176424,2e-05,0.00031840000000000004,0.01277124
31463,0.031274,2e-05,0.00031196,0.01223752
31513,0.03242091999999999,2.004e-05,0.0003216,0.01224796
31563,0.032600359999999995,2.004e-05,0.00027608000000000005,0.01153308
31613,0.033023960000000005,2.004e-05,0.00032732,0.0120276
31663,0.03383204,2.004e-05,0.00027252,0.01153736
31713,0.033235480000000005,2.004e-05,0.0002854,0.01165504
31763,0.03397444,2.004e-05,0.00025644,0.011088999999999998
31813,0.0333462,2.008e-05,0.00028367999999999997,0.01184032
31863,0.034216359999999994,2.008e-05,0.00032575999999999997,0.01259176
31913,0.03455908,2.0080000000000004e-05,0.00034548,0.012725160000000001
31963,0.036167239999999996,2.0080000000000004e-05,0.00038844,0.0133614
32013,0.035029040000000004,2.008e-05,0.00040328,0.0138154
32063,0.03575128,2.0160000000000003e-05,0.0003776,0.013231159999999999
32113,0.03638552,2.0160000000000003e-05,0.00032988,0.01270284
32163,0.035965559999999994,2.016e-05,0.00039967999999999997,0.013554640000000001
32213,0.03551884,2.016e-05,0.00038164,0.013693199999999999
32263,0.03592212,2.008e-05,0.00040355999999999996,0.0140736
32313,0.03556132,1.992e-05,0.000423,0.01418288
32363,0.03499332,1.992e-05,0.000431,0.01415212
32413,0.03498492,1.9880000000000003e-05,0.00032024,0.0129414
32463,0.03414512,1.9880000000000003e-05,0.00027976,0.01234092
32513,0.033671320000000005,1.9960000000000002e-05,0.00023616000000000002,0.01139788
32563,0.03325608,2e-05,0.00030800000000000006,0.01224284
32613,0.03241292,1.9880000000000003e-05,0.00026572,0.01168484
32663,0.03275004,1.9880000000000003e-05,0.00026908,0.011451000000000001
32713,0.03316151999999999,1.9880000000000003e-05,0.00026452,0.011185319999999999
32763,0.03300764,1.972e-05,0.00030328,0.01209944
32813,0.032984320000000004,1.9640000000000005e-05,0.00021636,0.011123800000000001
32863,0.03375024,1.9680000000000005e-05,0.00021528,0.01101392
32913,0.03252231999999999,1.9640000000000002e-05,0.00026604,0.011657119999999998
32963,0.033107479999999995,1.96e-05,0.00027832,0.011624960000000002
33013,0.03319272,1.9640000000000002e-05,0.00028132,0.011564439999999999
33063,0.03364284,1.9560000000000006e-05,0.00027487999999999997,0.01148788
33113,0.03391068,1.9560000000000002e-05,0.00030648000000000003,0.01200188
33163,0.034819880000000004,1.9560000000000002e-05,0.00023932,0.01102956
33213,0.03477756,1.9480000000000003e-05,0.00019468,0.01046712
33263,0.03481756,1.9240000000000002e-05,0.00019392,0.010221880000000001
33313,0.03504932,1.924e-05,0.00017972,0.01009264
33363,0.03500096,1.8880000000000002e-05,0.00018444,0.01040092
33413,0.03555464,1.848e-05,0.00021068,0.010913960000000002
33463,0.03523864,1.836e-05,0.0002382,0.011483040000000002
33513,0.03423191999999999,1.848e-05,0.00026004,0.0117832
33563,0.0352342,1.836e-05,0.00032179999999999996,0.01277492
33613,0.034639760000000006,1.848e-05,0.00040496,0.01388488
33663,0.035273519999999996,1.8800000000000003e-05,0.00040772,0.014019919999999998
33713,0.03689112,1.872e-05,0.00040124,0.01399184
33763,0.038014000000000006,1.8720000000000004e-05,0.00039216,0.014021719999999998
33813,0.036780639999999996,1.8880000000000002e-05,0.00036552000000000004,0.01344216
33863,0.036972359999999996,1.8960000000000005e-05,0.00022904,0.01118648
33913,0.03580308,1.8679999999999997e-05,0.00020776,0.01094428
33963,0.033939279999999995,1.864e-05,0.00019791999999999998,0.01074988
34013,0.03348876,1.828e-05,0.00014512000000000002,0.00979252
34063,0.0339718,1.8120000000000003e-05,0.00016816000000000002,0.010150600000000001
34113,0.03481092,1.7919999999999998e-05,0.0001948,0.010676640000000001
34163,0.03693664,1.7960000000000004e-05,0.00021648000000000001,0.01074356
34213,0.03819848000000001,1.8e-05,0.00026972000000000004,0.011371079999999999
34263,0.038524920000000004,1.8239999999999998e-05,0.0002686,0.01139448
34313,0.03840528,1.7999999999999997e-05,0.00019983999999999998,0.01018204
34363,0.03719952,1.792e-05,0.00023152,0.01055992
34413,0.035135160000000006,1.788e-05,0.00023192,0.0107276
34463,0.033693,1.7760000000000003e-05,0.00020899999999999998,0.01016468
34513,0.03436584,1.7720000000000003e-05,0.00023572,0.01067628
34563,0.03474236000000001,1.7960000000000004e-05,0.00024952,0.011205879999999998
34613,0.0355122,1.7960000000000004e-05,0.00025791999999999997,0.01147204
34663,0.03581532,1.8160000000000002e-05,0.00030488000000000005,0.012170199999999999
34713,0.03745292,1.804e-05,0.00034152,0.013359719999999999
34763,0.03608388,1.796e-05,0.00038872,0.01397004
34813,0.03597112,1.764e-05,0.00046808,0.0150422
34863,0.03699264,1.768e-05,0.00047324000000000004,0.01501244
34913,0.03739144,1.7480000000000002e-05,0.0004156,0.013964
34963,0.03636868,1.7400000000000003e-05,0.00035292,0.01259936
35013,0.0378998,1.7360000000000003e-05,0.00029048,0.0116116
35063,0.03888244,1.724e-05,0.00025912,0.010926559999999998
35113,0.03891956,1.728e-05,0.00019708,0.01013932
35163,0.03795864,1.74e-05,0.00028112000000000005,0.01112412
35213,0.03771456000000001,1.744e-05,0.00028828,0.011200519999999999
35263,0.03819632,1.72e-05,0.0003034,0.011197040000000002
35313,0.0364412,1.736e-05,0.00026020000000000004,0.010476080000000002
35363,0.034594679999999996,1.7160000000000002e-05,0.00028296,0.01076272
35413,0.034621759999999994,1.6680000000000003e-05,0.00019187999999999999,0.0099224
35463,0.033709199999999995,1.6720000000000003e-05,0.00019899999999999999,0.010211720000000002
35513,0.033952199999999995,1.692e-05,0.00018015999999999998,0.010213479999999999
35563,0.035376,1.7e-05,0.00020324,0.010529919999999998
35613,0.035330360000000005,1.7e-05,0.00020271999999999998,0.01040112
35663,0.03669092000000001,1.732e-05,0.0002358,0.0104302
35713,0.03875412,1.756e-05,0.00025024,0.010497959999999999
35763,0.037881,1.7480000000000002e-05,0.00027275999999999993,0.01072816
35813,0.03762972,1.7440000000000002e-05,0.00027600000000000004,0.010820920000000001
35863,0.03811368,1.756e-05,0.00030468,0.01123916
35913,0.0377404,1.7360000000000003e-05,0.00029068000000000003,0.011304439999999999
35963,0.03663144,1.736e-05,0.0003096,0.01145228
36013,0.036865680000000005,1.748e-05,0.00031824,0.0117232
36063,0.03607748,1.74e-05,0.00028955999999999996,0.01158928
36113,0.036422,1.728e-05,0.00026988,0.0112096
36163,0.036461759999999996,1.744e-05,0.00031744,0.01171748
36213,0.03832752,1.7400000000000003e-05,0.00025644,0.0109318
36263,0.03690671999999999,1.7160000000000002e-05,0.00021744,0.0100984
36313,0.03752756,1.7200000000000005e-05,0.00025604,0.01055176
36363,0.03715256,1.72e-05,0.00023763999999999998,0.01068748
36413,0.036453519999999996,1.724e-05,0.00022344000000000002,0.01073268
36463,0.03585104000000001,1.724e-05,0.0002844,0.011918439999999999
36513,0.03650044,1.7200000000000005e-05,0.00031492000000000005,0.01273816
36563,0.0360944,1.696e-05,0.00030488,0.01276324
36613,0.03688099999999999,1.7200000000000005e-05,0.00036668,0.01325804
36663,0.03694324,1.7160000000000002e-05,0.00032172,0.01289908
36713,0.03658272,1.68e-05,0.00027432,0.01218472
36763,0.03662908,1.692e-05,0.00026788,0.012030879999999999
36813,0.03667808,1.7120000000000002e-05,0.00025364,0.01188648
36863,0.036534000000000004,1.6800000000000002e-05,0.00019488,0.011221599999999998
36913,0.0366926,1.7e-05,0.00020171999999999999,0.01124092
36963,0.037445599999999996,1.7160000000000002e-05,0.0002612,0.01226008
37013,0.03737992,1.6960000000000004e-05,0.00027968000000000003,0.012335039999999999
37063,0.03706624,1.6960000000000004e-05,0.00025832,0.01177716
37113,0.03786488,1.716e-05,0.00025196,0.01158564
37163,0.03994872,1.696e-05,0.00023764,0.011175520000000001
37213,0.039011,1.7040000000000003e-05,0.00016908,0.00974016
37263,0.03975476,1.736e-05,0.00020616000000000002,0.01073808
37313,0.04081512,1.732e-05,0.00024988,0.011716240000000001
37363,0.0395698,1.7120000000000002e-05,0.00027400000000000005,0.0120708
37413,0.03803852,1.7080000000000002e-05,0.00026236,0.011819320000000001
37463,0.039443040000000006,1.692e-05,0.00029744000000000005,0.01248564
37513,0.039117200000000005,1.7e-05,0.00023627999999999998,0.0111964
37563,0.03890592,1.7280000000000004e-05,0.00027560000000000003,0.0116688
37613,0.03988708,1.7640000000000004e-05,0.00026332,0.011579800000000001
37663,0.03953416,1.7760000000000003e-05,0.00029136,0.01207888
37713,0.03862847999999999,1.792e-05,0.00025175999999999996,0.011327480000000001
37763,0.03851063999999999,1.8e-05,0.00025376000000000006,0.01127168
37813,0.0376304,1.788e-05,0.00022736,0.010664240000000002
37863,0.03705152,1.7760000000000003e-05,0.00025412,0.0113204
37913,0.03800592,1.768e-05,0.00025340000000000003,0.011632759999999999
37963,0.038348520000000004,1.756e-05,0.00030075999999999996,0.01245492
38013,0.03850792,1.748e-05,0.00028268,0.01237236
38063,0.03852772,1.744e-05,0.00021736000000000002,0.011279599999999999
38113,0.03816928,1.744e-05,0.00022788,0.0110608
38163,0.038408080000000004,1.7680000000000004e-05,0.00021931999999999998,0.0109636
38213,0.03867148,1.7919999999999998e-05,0.00021432,0.01091908
38263,0.04046824,1.7960000000000004e-05,0.00021648,0.0110114
38313,0.04108272,1.7960000000000004e-05,0.00023523999999999998,0.011406000000000001
38363,0.04180876,1.8080000000000003e-05,0.00021856,0.011272120000000002
38413,0.04119195999999999,1.796e-05,0.00024308,0.0110526
38463,0.040007,1.7840000000000002e-05,0.00026032,0.0113802
38513,0.038537880000000004,1.7559999999999998e-05,0.00029752,0.01203512
38563,0.038870919999999996,1.744e-05,0.00032412,0.012495520000000001
38613,0.03943092,1.744e-05,0.00033183999999999997,0.01251948
38663,0.03836884000000001,1.7400000000000003e-05,0.00029040000000000007,0.011932439999999999
38713,0.03828576,1.7480000000000002e-05,0.00029696,0.011800320000000001
38763,0.038883839999999996,1.7800000000000002e-05,0.00026752000000000004,0.01150592
38813,0.0384848,1.804e-05,0.00030659999999999997,0.01213144
38863,0.03806392,1.792e-05,0.000256,0.011375159999999999
38913,0.03985187999999999,1.816e-05,0.00031036,0.01230348
38963,0.03963672,1.812e-05,0.00026844,0.011803039999999999
39013,0.04048216,1.804e-05,0.00027123999999999996,0.011441840000000002
39063,0.0415096,1.828e-05,0.00023468,0.01116948
39113,0.03999172,1.836e-05,0.00028516,0.011785680000000002
39163,0.03904092,1.8160000000000002e-05,0.00037388,0.012672600000000001
39213,0.04002228,1.828e-05,0.00036672,0.01282188
39263,0.038725,1.8400000000000003e-05,0.00036456,0.0128666
39313,0.038230440000000004,1.824e-05,0.0004052,0.013024879999999999
39363,0.04035604,1.828e-05,0.00035396,0.01263052
39413,0.04092420000000001,1.8320000000000004e-05,0.00022592,0.011040359999999999
39463,0.040531239999999996,1.836e-05,0.00022536,0.01074496
39513,0.04143228,1.828e-05,0.00030556,0.01180708
39563,0.04150152,1.824e-05,0.00026432,0.011308720000000001
39613,0.04089552,1.8239999999999998e-05,0.00034724000000000007,0.012125440000000001
39663,0.04057508,1.816e-05,0.00038844,0.01285864
39713,0.04176528,1.8120000000000003e-05,0.00037996,0.012949400000000002
39763,0.04164264,1.8160000000000002e-05,0.00028643999999999995,0.01159924
39813,0.04216072,1.8239999999999998e-05,0.00028152,0.011280479999999999
39863,0.04181352000000001,1.8080000000000003e-05,0.00023448000000000002,0.010579559999999998
39913,0.041654039999999996,1.8200000000000005e-05,0.00023192000000000002,0.010560600000000002
39963,0.041135439999999995,1.812e-05,0.00032060000000000004,0.011715680000000001
40013,0.04054488,1.812e-05,0.00039972,0.01289848
40063,0.040244480000000006,1.8120000000000003e-05,0.00040312000000000003,0.013107559999999999
40113,0.040255519999999996,1.824e-05,0.00039828000000000004,0.01317984
40163,0.03990908,1.8200000000000002e-05,0.00035164,0.012586879999999998
40213,0.03951048,1.8e-05,0.00031623999999999997,0.01170284
40263,0.0392626,1.7760000000000003e-05,0.00030336,0.01174884
40313,0.038474919999999996,1.736e-05,0.00026168,0.011169360000000001
40363,0.038877159999999994,1.72e-05,0.00030508,0.01184108
40413,0.03963384,1.7e-05,0.00038036000000000005,0.012673400000000001
40463,0.038678119999999996,1.704e-05,0.00031460000000000006,0.01182996
40513,0.038563639999999996,1.692e-05,0.00027743999999999995,0.01100408
40563,0.03786156,1.692e-05,0.00029484,0.01138804
40613,0.03699144000000001,1.6960000000000004e-05,0.00036992,0.012378400000000001
40663,0.036379039999999994,1.7160000000000002e-05,0.00033448,0.01217708
40713,0.037329680000000004,1.7120000000000002e-05,0.0003862,0.013090919999999999
40763,0.037941960000000004,1.72e-05,0.0004,0.013346359999999998
40813,0.03860635999999999,1.7480000000000002e-05,0.00040608,0.013336599999999999
40863,0.03830388,1.764e-05,0.00024704,0.011005479999999998
40913,0.03973016000000001,1.744e-05,0.00023548,0.010546199999999999
40963,0.03948252,1.736e-05,0.00020939999999999997,0.01017704
41013,0.0387804,1.6800000000000002e-05,0.00016208,0.009280600000000002
41063,0.04005152,1.6080000000000002e-05,0.0001562,0.0090892
41113,0.04081608,1.5680000000000002e-05,0.00022132,0.01005576
41163,0.04037612,1.54e-05,0.00024248,0.010575320000000001
41213,0.03988028,1.5080000000000001e-05,0.00028208,0.01108488
41263,0.04159224,1.548e-05,0.00028643999999999995,0.01125216
41313,0.04152952,1.5720000000000002e-05,0.00030344000000000004,0.011163320000000001
41363,0.04249908,1.544e-05,0.00026528,0.01068496
41413,0.0424882,1.5360000000000002e-05,0.0002582,0.010466959999999999
41463,0.043589119999999995,1.5280000000000003e-05,0.00019688,0.00963156
41513,0.0414168,1.5080000000000001e-05,0.00023632000000000001,0.00996716
41563,0.04053528,1.5160000000000002e-05,0.0002722,0.01093228
41613,0.04051112,1.5320000000000002e-05,0.00034228000000000004,0.011477359999999999
41663,0.03895684,1.54e-05,0.0002956,0.010902080000000001
41713,0.03792348,1.4920000000000001e-05,0.00029476,0.01070664
41763,0.040351040000000005,1.4640000000000002e-05,0.00032236,0.011516639999999998
41813,0.040194560000000004,1.408e-05,0.00025331999999999997,0.01051508
41863,0.040123200000000005,1.36e-05,0.00019020000000000002,0.009878040000000001
41913,0.03946744,1.3080000000000002e-05,0.00018428,0.009593879999999999
41963,0.04153928,1.324e-05,0.00019131999999999998,0.009811199999999999
42013,0.04117156,1.3520000000000001e-05,0.0001888,0.00959772
42063,0.042449799999999996,1.3520000000000001e-05,0.00027708,0.01103852
42113,0.042209359999999994,1.34e-05,0.00026996,0.011436759999999999
42163,0.04405928,1.3440000000000002e-05,0.00030472,0.01184916
42213,0.0431832,1.3520000000000003e-05,0.00033688,0.01244092
42263,0.0424644,1.3280000000000002e-05,0.00028652000000000007,0.01169784
42313,0.04080812,1.3200000000000002e-05,0.00022675999999999998,0.01053552
42363,0.04088136,1.3120000000000001e-05,0.0002612,0.01074924
42413,0.04057504,1.2920000000000002e-05,0.00027052,0.011030680000000001
42463,0.040264839999999996,1.272e-05,0.00025124,0.01064152
42513,0.04004412,1.24e-05,0.00027508,0.011112
42563,0.04072768,1.22e-05,0.00029088000000000003,0.01143188
42613,0.0395326,1.2120000000000003e-05,0.00027604,0.01116264
42663,0.039529919999999996,1.2080000000000001e-05,0.00025368,0.010968960000000002
42713,0.040140640000000005,1.2e-05,0.0002928,0.01174116
42763,0.0403242,1.1800000000000002e-05,0.00026111999999999994,0.01139076
42813,0.04103168,1.164e-05,0.00038095999999999996,0.0128848
42863,0.04104516,1.172e-05,0.00034288,0.012472519999999999
42913,0.04171832,1.16e-05,0.00033267999999999997,0.012111839999999999
42963,0.04222512,1.1560000000000003e-05,0.00029176,0.01143596
43013,0.04325756000000001,1.1680000000000002e-05,0.00035436,0.01240112
43063,0.043092399999999996,1.1680000000000002e-05,0.00023208,0.011219
43113,0.0435814,1.1480000000000002e-05,0.00023096,0.01111872
43163,0.043952,1.1240000000000002e-05,0.00026139999999999996,0.01146276
43213,0.04490576,1.104e-05,0.00024872,0.01119344
43263,0.042551399999999996,1.0880000000000001e-05,0.00019944,0.010373199999999999
43313,0.043192119999999994,1.0880000000000001e-05,0.000158,0.00956748
43363,0.044278239999999996,1.0680000000000001e-05,0.00015112,0.00930596
43413,0.04434176,1.0840000000000001e-05,0.00012636,0.009096839999999998
43463,0.04332056,1.0960000000000002e-05,0.00016012,0.009583079999999999
43513,0.045641360000000006,1.1000000000000001e-05,0.00018528,0.009725
43563,0.04562688,1.1000000000000001e-05,0.00018264,0.009583200000000002
43613,0.045497640000000006,1.1200000000000001e-05,0.000215,0.01037944
43663,0.04489024,1.1079999999999999e-05,0.00021595999999999999,0.010385000000000002
43713,0.04361444,1.0960000000000002e-05,0.0002196,0.010314680000000001
43763,0.041299279999999994,1.0880000000000001e-05,0.00020068,0.01023156
43813,0.0408174,1.076e-05,0.00022352,0.01046072
43863,0.03904036,1.06e-05,0.00019199999999999998,0.00973784
43913,0.03769668,1.0560000000000002e-05,0.00020804,0.010071479999999999
43963,0.03809448000000001,1.0480000000000001e-05,0.00020063999999999998,0.01018264
44013,0.039632759999999996,1.0440000000000002e-05,0.00024828,0.010607880000000002
44063,0.037954119999999994,1.0400000000000002e-05,0.00023604,0.010318119999999998
44113,0.0386604,1.0480000000000001e-05,0.00023588,0.01028664
44163,0.03988572,1.0480000000000001e-05,0.00021016,0.0097522
44213,0.039317639999999994,1.0440000000000002e-05,0.00024292,0.010020200000000002
44263,0.04078372,1.048e-05,0.00023176,0.0101804
44313,0.04363984,1.048e-05,0.00025072,0.010713160000000001
44363,0.04435332,1.0399999999999999e-05,0.00037636,0.012455560000000001
44413,0.04396052,1.0399999999999999e-05,0.00042336,0.01316112
44463,0.04401328,1.052e-05,0.00035727999999999997,0.01229456
44513,0.04231608,1.0400000000000002e-05,0.00033324000000000006,0.01177248
44563,0.041027520000000005,1.0400000000000002e-05,0.0002972,0.0109588
44613,0.040790999999999994,1.036e-05,0.00017976,0.00945144
44663,0.041765,1.036e-05,0.0001212,0.008486759999999998
44713,0.042404080000000004,1.024e-05,0.00011064,0.008000400000000001
44763,0.04199272,1.024e-05,9.044000000000001e-05,0.00769776
44813,0.0411028,1.0320000000000001e-05,0.00010308000000000001,0.0080792
44863,0.04189564,1.036e-05,0.00013488,0.0084532
44913,0.042198440000000004,1.0320000000000001e-05,0.00014012,0.00869612
44963,0.04217208,1.0400000000000002e-05,0.00018772,0.00938808
45013,0.04204132000000001,1.0440000000000002e-05,0.00018396000000000002,0.009248719999999998
45063,0.04131896,1.036e-05,0.0001736,0.008842880000000001
45113,0.042285,1.036e-05,0.0001656,0.00889704
45163,0.041879759999999995,1.0400000000000002e-05,0.00016392000000000002,0.00875648
45213,0.04209772,1.036e-05,0.00012436,0.00841756
45263,0.0437204,1.0320000000000001e-05,0.00013360000000000002,0.0087044
45313,0.04479972,1.0320000000000001e-05,0.00013396,0.00875712
45363,0.04430136,1.0280000000000002e-05,9.968e-05,0.00795892
45413,0.04478572,1.02e-05,0.00017332,0.009308519999999999
45463,0.04589324000000001,1.02e-05,0.00021244000000000002,0.00996108
45513,0.04282212,1.02e-05,0.000212,0.009856680000000001
45563,0.04342552,1.0160000000000001e-05,0.0002316,0.01029776
45613,0.04295104,1.0120000000000001e-05,0.00025788,0.010705919999999999
45663,0.04196636,1.0160000000000001e-05,0.00017892,0.00917244
45713,0.04126228,1.0120000000000001e-05,0.00019776,0.009416799999999998
45763,0.04441428,1.0120000000000001e-05,0.0001798,0.009337080000000001
45813,0.0439502,1.0120000000000001e-05,0.0001596,0.008924479999999999
45863,0.04497808,1.02e-05,0.00013656,0.008592919999999999
45913,0.04667168,1.02e-05,0.00014792,0.00890952
45963,0.04555124,1.02e-05,0.00010868,0.00820788
46013,0.04381976,1.02e-05,0.0002424,0.00983924
46063,0.04446628,1.02e-05,0.0002682,0.01048104
46113,0.0433446,1.0120000000000001e-05,0.0003288,0.01139584
46163,0.0419852,1.008e-05,0.00038767999999999995,0.012251439999999999
46213,0.04170532,1.004e-05,0.00036248,0.011795879999999998
46263,0.0418014,1e-05,0.000231,0.00991132
46313,0.0410492,1.004e-05,0.00021844,0.00961484
46363,0.041068,1.0040000000000002e-05,0.00015523999999999998,0.008620319999999999
46413,0.04126384,1.0080000000000002e-05,8.956e-05,0.0075851600000000005
46463,0.04204564,1.0080000000000002e-05,9.104e-05,0.007582
46513,0.04203748,1.0080000000000002e-05,0.00011347999999999999,0.00782336
46563,0.040665240000000005,1.0040000000000002e-05,0.00015931999999999999,0.00831216
46613,0.04042104,1.008e-05,0.00018848,0.009163319999999999
46663,0.040485679999999996,1.004e-05,0.00019372,0.00933264
46713,0.04131996,1.004e-05,0.00019928,0.00953216
46763,0.04219568,1.004e-05,0.00018812,0.0095034
46813,0.04287144,1.004e-05,0.00012916,0.0086016
46863,0.04185624,1e-05,0.00012719999999999997,0.00819336
46913,0.0415306,1e-05,0.00013707999999999998,0.008483880000000001
46963,0.04190316,1e-05,0.00013488,0.008468200000000002
47013,0.04170704,1.008e-05,0.00010824000000000001,0.00787996
47063,0.04231476,1.008e-05,0.00011788,0.0079934
47113,0.043401480000000006,1.008e-05,0.00013116,0.00828148
47163,0.04338284,1.008e-05,0.00016036,0.008487719999999999
47213,0.04204264,1.0080000000000002e-05,0.0001628,0.0086004
47263,0.04176852,1e-05,0.00018131999999999998,0.0090442
47313,0.0414984,1e-05,0.00019168,0.009355599999999999
47363,0.040693639999999996,1e-05,0.00018628,0.00927704
47413,0.041330320000000004,1e-05,0.00014752000000000002,0.00881832
47463,0.0423326,1e-05,0.00016348000000000003,0.0090288
47513,0.04323916,1e-05,0.00015632000000000002,0.00909784
47563,0.043683,1e-05,0.00015024,0.00918364
47613,0.0446058,1.004e-05,0.00015132,0.009204120000000001
47663,0.04366148,1.004e-05,0.00016911999999999998,0.0093758
47713,0.04256692,1.008e-05,0.00019428,0.009779920000000001
47763,0.04363916,1.008e-05,0.00021248,0.00983028
47813,0.0442188,1.008e-05,0.00021792,0.009757799999999999
47863,0.045813679999999996,1.004e-05,0.00021731999999999999,0.00971184
47913,0.04632656,1.004e-05,0.00026564,0.01045848
47963,0.046946039999999994,1e-05,0.00022128,0.0096762
48013,0.04576488,1e-05,0.0001948,0.00919896
48063,0.04558476,1e-05,0.00017436,0.00868552
48113,0.04417844,1e-05,0.00023928000000000003,0.00970964
48163,0.04506084,1e-05,0.00018028,0.009174000000000002
48213,0.044742960000000005,1e-05,0.00017748,0.00913748
48263,0.04421588,1e-05,0.00019028,0.009411439999999998
48313,0.04492516,1e-05,0.00019172000000000001,0.00953312
48363,0.044465319999999996,1e-05,0.00021432,0.00961348
48413,0.042872999999999994,1e-05,0.0002026,0.009267119999999998
48463,0.04442272,1e-05,0.00031596,0.01108612
48513,0.04490976,1e-05,0.00030712000000000003,0.0110808
48563,0.04393912,1e-05,0.00034952,0.011698879999999998
48613,0.04458596,1e-05,0.00029063999999999994,0.01103852
48663,0.045444240000000004,1e-05,0.00030628,0.0111648
48713,0.0434212,1e-05,0.00027188,0.01052844
48763,0.042477360000000006,1e-05,0.00033004,0.01142704
48813,0.044711400000000005,1e-05,0.00028840000000000007,0.010881120000000001
48863,0.044932400000000004,1e-05,0.00023916,0.010183959999999999
48913,0.045471080000000004,1e-05,0.00026536,0.010368079999999998
48963,0.045729240000000004,1e-05,0.00019036000000000001,0.009270320000000002
49013,0.04635364,1e-05,0.00015659999999999998,0.008827480000000002
49063,0.0436956,1e-05,0.00019636,0.00955472
49113,0.04350052,1e-05,0.0002158,0.0099306
49163,0.04432184,1e-05,0.00018616,0.00972888
49213,0.04431872,1e-05,0.00022228,0.01019628
49263,0.04456508,1e-05,0.00019460000000000001,0.009595199999999998
49313,0.04497552,1e-05,0.00015836,0.00910344
49363,0.044667439999999996,1e-05,0.00016252,0.00903316
49413,0.04154031999999999,1e-05,0.0001572,0.00882112
49463,0.0419878,1e-05,0.00012252,0.008448319999999999
49513,0.04245456,1e-05,0.00016619999999999997,0.009162080000000001
49563,0.04297836,1e-05,0.00017212000000000003,0.009149319999999999
49613,0.043005159999999994,1e-05,0.00016344,0.00911964
49663,0.04390164,1e-05,0.00019024,0.00968024
49713,0.0460644,1.004e-05,0.00019227999999999997,0.00972884
49763,0.046283559999999994,1.004e-05,0.00016524,0.00933936
49813,0.04597472,1.004e-05,0.00016639999999999998,0.0092126
49863,0.04661680000000001,1.004e-05,0.00016908,0.00925268
49913,0.048289080000000005,1.004e-05,0.00016272000000000001,0.0092858
49963,0.04717848,1e-05,0.00016064,0.00933928
50013,0.04624192,1e-05,0.00014612,0.009100519999999999
50063,0.04697516,1e-05,0.0001938,0.009820800000000001
50113,0.0461544,1e-05,0.00022836000000000002,0.01015956
50163,0.045950399999999995,1e-05,0.0002226,0.009909000000000001
50213,0.04545767999999999,1e-05,0.00026408,0.01060256
50263,0.045522240000000005,1e-05,0.00031724000000000005,0.01143984
50313,0.04555648,1.0040000000000002e-05,0.00026263999999999997,0.010788359999999999
50363,0.04490216,1.0040000000000002e-05,0.00021064,0.01005428
50413,0.045153000000000006,1.0040000000000002e-05,0.00023672000000000002,0.01030912
50463,0.0444748,1.004e-05,0.0001924,0.009388119999999998
50513,0.04465284,1.004e-05,0.00013736,0.008434760000000001
50563,0.04366752,1e-05,0.00018284,0.00889784
50613,0.045494480000000004,1e-05,0.00018528,0.00892796
50663,0.045373119999999996,1e-05,0.00016904,0.00876632
50713,0.04568784,1e-05,0.000166,0.00861388
50763,0.04545424,1e-05,0.00019512,0.00929796
50813,0.046335919999999996,1e-05,0.00018864,0.00936308
50863,0.04592796,1e-05,0.00018639999999999998,0.00953352
50913,0.045859920000000005,1e-05,0.00016976,0.00938248
50963,0.04714916,1e-05,0.00019536,0.0098972
51013,0.048523720000000006,1e-05,0.0002054,0.01008916
51063,0.04928064000000001,1e-05,0.00017748,0.00955212
51113,0.04838064,1e-05,0.00016416000000000003,0.00913076
51163,0.04785712,1e-05,0.00017944,0.00928296
51213,0.04660288,1e-05,0.00021168,0.0098296
51263,0.045848,1e-05,0.00023480000000000002,0.01014404
51313,0.04539472,1e-05,0.00023312,0.01024732
51363,0.04377448,1e-05,0.00022892,0.010093159999999999
51413,0.04439184,1e-05,0.000198,0.00945412
51463,0.044825,1e-05,0.00014651999999999997,0.00873148
51513,0.04475568,1e-05,0.00014768,0.00839292
51563,0.04536148,1e-05,0.00013276000000000002,0.008003880000000001
51613,0.04601924,1e-05,0.00013231999999999998,0.00789928
51663,0.04551488,1e-05,0.00016964,0.008412880000000001
51713,0.0458142,1e-05,0.00016788,0.00830048
51763,0.0456758,1e-05,0.0001582,0.008337679999999998
51813,0.0448046,1e-05,0.00016067999999999999,0.0084504
51863,0.04660324,1e-05,0.00018188000000000001,0.00897564
51913,0.04650484,1e-05,0.00015264,0.008727599999999999
51963,0.045354,1e-05,0.00017772000000000003,0.00895196
52013,0.045189799999999995,1e-05,0.00014959999999999998,0.00859404
52063,0.0454086,1e-05,0.00017104,0.00891948
52113,0.0447272,1e-05,0.00017707999999999998,0.00907616
52163,0.04446472,1e-05,0.00016904,0.008987640000000002
52213,0.04359128,1e-05,0.00014096,0.0085726
52263,0.0432718,1e-05,0.00013804000000000003,0.00829096
52313,0.04241456,1e-05,0.00015587999999999998,0.008272640000000001
52363,0.04316444,1e-05,0.00015476000000000002,0.00848532
52413,0.043095680000000004,1e-05,0.00018503999999999998,0.008838519999999999
52463,0.04604528,1e-05,0.00022336,0.009766
52513,0.04626696,1e-05,0.00019892000000000003,0.009505719999999999
52563,0.046801999999999996,1e-05,0.00019064,0.009593319999999999
52613,0.04628716,1e-05,0.0001846,0.009249319999999998
52663,0.04809772,1e-05,0.00015952000000000002,0.00903432
52713,0.04673792,1e-05,0.00013868,0.008371680000000001
52763,0.04673576,1e-05,0.00013716,0.00824388
52813,0.046577200000000006,1e-05,9.992e-05,0.00750508
52863,0.047496319999999995,1e-05,0.00010008,0.00730064
52913,0.04660972,1e-05,0.0001,0.00718424
52963,0.04716464,1e-05,8.46e-05,0.007077120000000001
53013,0.047806640000000004,1e-05,8.408000000000001e-05,0.00700416
53063,0.04696172,1e-05,0.00010372,0.0073046000000000005
53113,0.04690384,1e-05,9.392000000000001e-05,0.007506280000000001
53163,0.046112679999999996,1e-05,0.00011144,0.007637519999999999
53213,0.0468634,1e-05,0.0001106,0.007523199999999999
53263,0.047291599999999996,1e-05,0.00015139999999999997,0.00838068
53313,0.04892056,1e-05,0.00014284000000000004,0.0084788
53363,0.04781348,1e-05,0.0001346,0.008037120000000002
53413,0.04863588,1e-05,0.00011460000000000001,0.00772604
53463,0.04702944,1e-05,0.00022092,0.00912308
53513,0.04694252,1e-05,0.00020252,0.008879800000000002
53563,0.04681659999999999,1e-05,0.00021536,0.00928668
53613,0.04707148,1e-05,0.00021916,0.00953636
53663,0.04655816,1e-05,0.00025699999999999996,0.01008384
53713,0.04674332,1e-05,0.00015371999999999999,0.00886816
53763,0.046458440000000004,1e-05,0.00016852,0.008995359999999999
53813,0.045145120000000004,1e-05,0.00015528,0.008556759999999998
53863,0.045078879999999995,1e-05,0.00015167999999999998,0.00848928
53913,0.04466684,1e-05,0.00010596,0.00782904
53963,0.04541812,1e-05,0.00010076,0.007540440000000001
54013,0.04517288,1e-05,6.588000000000001e-05,0.00687312
54063,0.04768692,1e-05,7.439999999999999e-05,0.0068918799999999995
54113,0.0488946,1e-05,0.00011695999999999999,0.00749076
54163,0.04991104,1e-05,0.00013659999999999999,0.008052239999999999
54213,0.05034492,1e-05,0.00022611999999999998,0.00956988
54263,0.050049319999999994,1e-05,0.00024752,0.01003652
54313,0.047260439999999994,1e-05,0.00023384,0.00996824
54363,0.04579004,1e-05,0.00019624,0.0094406
54413,0.044773719999999996,1e-05,0.00020836000000000002,0.00944392
54463,0.04341292,1e-05,0.0001376,0.0085072
54513,0.04409652000000001,1e-05,0.00016988000000000002,0.00894052
54563,0.0451536,1e-05,0.00017116,0.008995999999999999
54613,0.045609519999999994,1e-05,0.00016920000000000002,0.00888424
54663,0.0465512,1e-05,0.0001758,0.00900396
54713,0.045640839999999995,1e-05,0.00018156,0.00897704
54763,0.044737439999999996,1e-05,0.000169,0.00886152
54813,0.045179519999999994,1e-05,0.00017956,0.008894760000000002
54863,0.04540016,1e-05,0.0002186,0.00932548
54913,0.04495284,1e-05,0.0002614,0.00993228
54963,0.04511224,1e-05,0.00025864,0.00983832
55013,0.04641115999999999,1e-05,0.0002606,0.00952408
55063,0.04506872,1e-05,0.00027888,0.009860679999999998
55113,0.04532668,1e-05,0.00023888000000000002,0.00940776
55163,0.04605764,1e-05,0.0002082,0.00891296
55213,0.047840560000000004,1e-05,0.00020828,0.00897804
55263,0.047474560000000006,1e-05,0.00021276000000000002,0.009124839999999999
55313,0.0480586,1e-05,0.00028263999999999996,0.00995812
55363,0.048006799999999995,1e-05,0.00028688,0.01019756
55413,0.04842236,1e-05,0.0002434,0.00961328
55463,0.04848172,1e-05,0.00022256,0.009143
55513,0.04742916,1e-05,0.00022711999999999998,0.00948212
55563,0.04906008,1e-05,0.00016668,0.0086806
55613,0.04788544,1e-05,0.0001724,0.00849736
55663,0.0482886,1e-05,0.00016916,0.0085244
55713,0.0467688,1e-05,0.00025316,0.00966708
55763,0.048688520000000006,1e-05,0.00020656,0.009028679999999999
55813,0.04768336,1e-05,0.0001646,0.00847
55863,0.04937792,1e-05,0.000174,0.00876248
55913,0.04726416,1e-05,0.00024396,0.00980432
55963,0.0488398,1e-05,0.00016319999999999998,0.00898492
56013,0.04661484,1e-05,0.00015736,0.00875388
56063,0.04618516,1e-05,0.00015252,0.00852328
56113,0.045331,1e-05,0.00014576000000000001,0.00825484
56163,0.0459698,1e-05,0.00011664,0.007845920000000001
56213,0.04541252,1e-05,0.00011196,0.0074786
56263,0.045271519999999996,1e-05,0.0001154,0.00766144
56313,0.044569519999999994,1e-05,0.0001198,0.007914880000000001
56363,0.04544148,1e-05,0.00010164000000000001,0.007653
56413,0.04549712,1e-05,0.00011796000000000002,0.00753624
56463,0.04486796,1e-05,0.00020336,0.00886708
56513,0.045050440000000004,1e-05,0.00020056,0.00871544
56563,0.04678128,1e-05,0.00021376,0.00905348
56613,0.04682912,1e-05,0.00027968,0.010378759999999999
56663,0.04842268,1e-05,0.00022148,0.00967304
56713,0.04937544000000001,1e-05,0.0001378,0.00840564
56763,0.05083704,1e-05,0.00019596000000000001,0.0091974
56813,0.05086636,1e-05,0.00022268,0.00949188
56863,0.049333999999999996,1e-05,0.00017804,0.00874636
56913,0.048272640000000006,1e-05,0.00018264,0.00907944
56963,0.04687412,1e-05,0.00018412000000000002,0.00921268
57013,0.0459088,1e-05,0.00012683999999999997,0.00836252
57063,0.044189479999999996,1e-05,0.00012156,0.00820824
57113,0.045992000000000005,1e-05,0.00010732000000000001,0.00787184
57163,0.04552404,1e-05,0.00015088,0.00819816
57213,0.04614492,1e-05,0.00014848,0.00813936
57263,0.04802472,1e-05,0.00014812,0.00818304
57313,0.04883300000000001,1e-05,0.00011187999999999999,0.00757668
57363,0.04837416,1e-05,0.00015416,0.008224839999999999
57413,0.04848508,1e-05,0.00011184,0.00785104
57463,0.04967756,1e-05,0.00011476,0.0078628
57513,0.04780063999999999,1e-05,0.00018092,0.00883972
57563,0.048642399999999995,1e-05,0.00019471999999999998,0.00914888
57613,0.04837704,1e-05,0.00023883999999999998,0.00960364
57663,0.048194320000000006,1e-05,0.00023779999999999998,0.00940248
57713,0.04821488,1e-05,0.00024404,0.009254519999999999
57763,0.04861652,1e-05,0.00021264,0.00871008
57813,0.049173480000000006,1e-05,0.00024676,0.0092966
57863,0.04920972,1e-05,0.0001726,0.00833
57913,0.049013919999999996,1e-05,0.00016612,0.008175920000000001
57963,0.048431640000000005,1e-05,0.00017412,0.00850816
58013,0.04955396,1e-05,0.00013864000000000001,0.00806136
58063,0.04797968,1e-05,9.376000000000001e-05,0.0073052
58113,0.04739556,1e-05,8.036e-05,0.00713756
58163,0.048587,1e-05,8.28e-05,0.00721564
58213,0.04842308,1e-05,6.78e-05,0.00696128
58263,0.04729228,1e-05,6.884e-05,0.0069348
58313,0.0465652,1e-05,0.00012788,0.00756424
58363,0.04642892,1e-05,0.00014707999999999998,0.00787788
58413,0.04529316,1e-05,0.00016004,0.008259919999999999
58463,0.04528508,1e-05,0.00019452,0.00881324
58513,0.04667424,1e-05,0.00019060000000000003,0.00863824
58563,0.048424680000000005,1e-05,0.00012736,0.007764880000000001
58613,0.04883188,1e-05,0.00014112,0.007770759999999999
58663,0.04950924,1e-05,0.00012772,0.00739616
58713,0.04836712,1e-05,0.00016775999999999998,0.00782476
58763,0.04697436000000001,1e-05,0.00017096,0.00800536
58813,0.044612759999999994,1e-05,0.00021124000000000002,0.00876712
58863,0.04360776000000001,1e-05,0.00026112,0.009505479999999998
58913,0.04301452,1e-05,0.00029324,0.009757519999999999
58963,0.044642760000000004,1e-05,0.00023236,0.00896252
59013,0.046511359999999995,1e-05,0.00025236000000000003,0.0094764
59063,0.049192280000000005,1e-05,0.00025264000000000005,0.009193479999999999
59113,0.050937079999999996,1e-05,0.00018884000000000001,0.008454440000000002
59163,0.05136376,1e-05,0.00015512000000000002,0.00816816
59213,0.0524686,1e-05,0.00013428000000000002,0.00770472
59263,0.05080396,1e-05,0.00014804,0.007795600000000001
59313,0.050255600000000004,1e-05,0.00011784,0.007910160000000001
59363,0.049729880000000004,1e-05,0.00011088,0.00773996
59413,0.04914776,1e-05,0.0001584,0.00852164
59463,0.0468128,1e-05,0.00016131999999999998,0.00867384
59513,0.04759868,1e-05,0.0001398,0.008124039999999999
59563,0.04717572,1e-05,0.00015092,0.00797612
59613,0.0466262,1e-05,0.00013896,0.0079616
59663,0.0475614,1e-05,0.00010980000000000001,0.0074131200000000005
59713,0.047558239999999995,1e-05,0.00014092000000000003,0.00771232
59763,0.04598576000000001,1e-05,0.00017736,0.008389679999999998
59813,0.04555,1e-05,0.00018592,0.00852552
59863,0.04672356,1e-05,0.00024231999999999997,0.00916556
59913,0.04630228,1e-05,0.00026648,0.009934839999999999
59963,0.04763084,1e-05,0.00025336,0.01013532
